"mRNA","gene_id","uniprot_id","microRNA","energy","targetStart","targetEnd","score"
"AAEL022637-RA","AAEL022637","Q17G54","aae-miR-34-5p",-28.78,185,206,176
"AAEL022637-RA","AAEL022637","Q17G52","aae-miR-34-5p",-28.78,185,206,176
"AAEL022637-RA","AAEL022637","A0A0P6J0D7","aae-miR-34-5p",-28.78,185,206,176
"AAEL006287-RA","AAEL006287","A0A1S4FD07","aae-miR-34-5p",-24.56,85,106,172
"AAEL006287-RA","AAEL006287","Q176R2","aae-miR-34-5p",-24.56,85,106,172
"AAEL021425-RA","AAEL021425","UPI000B785995","aae-miR-34-5p",-24.56,96,117,172
"AAEL004974-RN","AAEL004974","Q17BE2","aae-miR-34-5p",-20.88,1153,1174,168
"AAEL011261-RC","AAEL011261","UPI000B79780A","aae-miR-34-5p",-30.47,37,60,167
"AAEL018341-RC","AAEL018341","UPI000B785B5C","aae-miR-34-5p",-27.33,1240,1262,167
"AAEL018341-RP","AAEL018341","Q179Z3","aae-miR-34-5p",-27.33,1240,1262,167
"AAEL018341-RP","AAEL018341","A0A1S4G7G9","aae-miR-34-5p",-27.33,1240,1262,167
"AAEL003619-RA","AAEL003619","Q17EZ8","aae-miR-34-5p",-26.23,94,116,167
"AAEL003619-RA","AAEL003619","Q17EZ7","aae-miR-34-5p",-26.23,94,116,167
"AAEL003619-RA","AAEL003619","A0A1S4F5I3","aae-miR-34-5p",-26.23,94,116,167
"AAEL009778-RA","AAEL009778","Q16UW3","aae-miR-34-5p",-27.43,29,51,166
"AAEL000633-RA","AAEL000633","Q17NJ1","aae-miR-34-5p",-26.57,1132,1152,166
"AAEL021783-RB","AAEL021783","UPI000B782236","aae-miR-34-5p",-25.6,1371,1392,166
"AAEL025755-RF","AAEL025755","UPI000B76E5E5","aae-miR-34-5p",-25.6,1371,1392,166
"AAEL020614-RA","AAEL020614","UPI000B7776C9","aae-miR-34-5p",-28.37,13,33,165
"AAEL020614-RB","AAEL020614","J9EAF0","aae-miR-34-5p",-28.37,13,33,165
"AAEL020614-RB","AAEL020614","Q16QS7","aae-miR-34-5p",-28.37,13,33,165
"AAEL000065-RA","AAEL000065","A0A1S4EUV1","aae-miR-34-5p",-27.49,105,129,165
"AAEL000065-RB","AAEL000065","Q0C745","aae-miR-34-5p",-27.49,105,129,165
"AAEL013846-RB","AAEL013846","UPI000B78D999","aae-miR-34-5p",-26.05,54,75,165
"AAEL013846-RC","AAEL013846","UPI000B791FF5","aae-miR-34-5p",-26.05,54,75,165
"AAEL013846-RE","AAEL013846","Q16EF2","aae-miR-34-5p",-26.05,54,75,165
"AAEL013846-RE","AAEL013846","A0A1S4G248","aae-miR-34-5p",-26.05,54,75,165
"AAEL013846-RE","AAEL013846","Q16G51","aae-miR-34-5p",-26.05,54,75,165
"AAEL013846-RE","AAEL013846","Q16HZ9","aae-miR-34-5p",-26.05,54,75,165
"AAEL013846-RI","AAEL013846","Q17CM5","aae-miR-34-5p",-26.05,54,75,165
"AAEL007508-RA","AAEL007508","Q171W2","aae-miR-34-5p",-24.97,172,193,165
"AAEL018119-RA","AAEL018119","A0A1S4G7M5","aae-miR-34-5p",-27.6,1185,1206,164
"AAEL018119-RC","AAEL018119","Q175T9","aae-miR-34-5p",-27.6,1185,1206,164
"AAEL018119-RC","AAEL018119","Q175T8","aae-miR-34-5p",-27.6,1185,1206,164
"AAEL019837-RA","AAEL019837","UPI000B777752","aae-miR-34-5p",-25.68,399,422,164
"AAEL019837-RB","AAEL019837","UPI000B76E93A","aae-miR-34-5p",-25.68,399,422,164
"AAEL019837-RC","AAEL019837","Q17MX6","aae-miR-34-5p",-25.68,399,422,164
"AAEL019837-RC","AAEL019837","Q17MX7","aae-miR-34-5p",-25.68,399,422,164
"AAEL019837-RC","AAEL019837","Q17MX1","aae-miR-34-5p",-25.68,399,422,164
"AAEL019837-RD","AAEL019837","UPI000B78E496","aae-miR-34-5p",-25.68,399,422,164
"AAEL019837-RE","AAEL019837","UPI000B790AD5","aae-miR-34-5p",-25.68,399,422,164
"AAEL019837-RF","AAEL019837","UPI000B791F85","aae-miR-34-5p",-25.68,399,422,164
"AAEL018254-RA","AAEL018254","A0A1S4G779","aae-miR-34-5p",-24.95,44,67,164
"AAEL018254-RB","AAEL018254","J9EBD1","aae-miR-34-5p",-24.95,44,67,164
"AAEL018254-RB","AAEL018254","Q16KA6","aae-miR-34-5p",-24.95,44,67,164
"AAEL018254-RB","AAEL018254","A0A0P6J4M7","aae-miR-34-5p",-24.95,44,67,164
"AAEL018254-RB","AAEL018254","Q179A9","aae-miR-34-5p",-24.95,44,67,164
"AAEL022361-RC","AAEL022361","UPI000B77E1A6","aae-miR-34-5p",-21.48,96,117,164
"AAEL022674-RA","AAEL022674","A0A1S4G149","aae-miR-34-5p",-27.24,102,124,163
"AAEL022674-RA","AAEL022674","Q16H74","aae-miR-34-5p",-27.24,102,124,163
"AAEL012273-RB","AAEL012273","Q16MK4","aae-miR-34-5p",-21.16,74,96,163
"AAEL019524-RA","AAEL019524","UPI000B77D0FA","aae-miR-34-5p",-22.71,9,30,162
"AAEL019524-RB","AAEL019524","UPI000B792947","aae-miR-34-5p",-22.71,9,30,162
"AAEL019524-RC","AAEL019524","UPI000B76EEE3","aae-miR-34-5p",-22.71,9,30,162
"AAEL019524-RD","AAEL019524","Q17KJ5","aae-miR-34-5p",-22.71,9,30,162
"AAEL020847-RA","AAEL020847","A0A1S4FG91","aae-miR-34-5p",-19.26,513,534,162
"AAEL020847-RA","AAEL020847","A0A0N8ES20","aae-miR-34-5p",-19.26,513,534,162
"AAEL020847-RA","AAEL020847","Q173C6","aae-miR-34-5p",-19.26,513,534,162
"AAEL020847-RA","AAEL020847","A0A1S4FG15","aae-miR-34-5p",-19.26,513,534,162
"AAEL020847-RA","AAEL020847","Q172J8","aae-miR-34-5p",-19.26,513,534,162
"AAEL023945-RA","AAEL023945","UPI000B7935C2","aae-miR-34-5p",-26.5,23,42,161
"AAEL019974-RA","AAEL019974","UPI000B78B2E9","aae-miR-34-5p",-26.16,695,717,161
"AAEL019974-RB","AAEL019974","Q16P14","aae-miR-34-5p",-26.16,785,807,161
"AAEL019974-RC","AAEL019974","UPI000B7821AD","aae-miR-34-5p",-26.16,695,717,161
"AAEL018114-RA","AAEL018114","A0A1S4G7M0","aae-miR-34-5p",-23.55,190,209,161
"AAEL018114-RA","AAEL018114","Q176T6","aae-miR-34-5p",-23.55,190,209,161
"AAEL018114-RB","AAEL018114","Q176T7","aae-miR-34-5p",-23.55,190,209,161
"AAEL020484-RA","AAEL020484","A0A0P6IVP9","aae-miR-34-5p",-22.07,302,325,161
"AAEL020484-RA","AAEL020484","Q17ET2","aae-miR-34-5p",-22.07,302,325,161
"AAEL020016-RA","AAEL020016","Q16RM1","aae-miR-34-5p",-30.12,3183,3204,160
"AAEL000703-RA","AAEL000703","Q17NG8","aae-miR-34-5p",-26.86,41,62,160
"AAEL000682-RA","AAEL000682","Q17NG1","aae-miR-34-5p",-25.56,433,454,160
"AAEL000682-RA","AAEL000682","A0A1S4EWJ6","aae-miR-34-5p",-25.56,433,454,160
"AAEL009938-RA","AAEL009938","Q16UD8","aae-miR-34-5p",-24.87,257,278,160
"AAEL006884-RA","AAEL006884","Q174H3","aae-miR-34-5p",-21.32,244,265,160
"AAEL019597-RA","AAEL019597","Q16YP6","aae-miR-34-5p",-24.22,7,28,159
"AAEL019597-RA","AAEL019597","Q16LG8","aae-miR-34-5p",-24.22,7,28,159
"AAEL019597-RA","AAEL019597","A0A0P6J4J0","aae-miR-34-5p",-24.22,7,28,159
"AAEL019704-RA","AAEL019704","Q174W8","aae-miR-34-5p",-23.81,1077,1098,159
"AAEL019704-RA","AAEL019704","A0A1S4FER6","aae-miR-34-5p",-23.81,1077,1098,159
"AAEL004717-RA","AAEL004717","A0A1S4F8Q2","aae-miR-34-5p",-23.3,1610,1632,159
"AAEL004717-RA","AAEL004717","Q17C39","aae-miR-34-5p",-23.3,1610,1632,159
"AAEL020237-RA","AAEL020237","UPI000B76D631","aae-miR-34-5p",-23.3,1610,1632,159
"AAEL014207-RB","AAEL014207","Q16GZ8","aae-miR-34-5p",-23.14,360,383,159
"AAEL014207-RB","AAEL014207","Q16MJ6","aae-miR-34-5p",-23.14,360,383,159
"AAEL014207-RD","AAEL014207","UPI000B7888F2","aae-miR-34-5p",-23.14,360,383,159
"AAEL006619-RA","AAEL006619","Q175K5","aae-miR-34-5p",-22.67,839,860,159
"AAEL019732-RI","AAEL019732","A0A0P6IXL7","aae-miR-34-5p",-21.82,489,510,159
"AAEL019732-RI","AAEL019732","A0A1S4FEP4","aae-miR-34-5p",-21.82,489,510,159
"AAEL022304-RA","AAEL022304","Q1HR57","aae-miR-34-5p",-19.84,173,194,159
"AAEL014176-RB","AAEL014176","Q16H33","aae-miR-34-5p",-18.57,1660,1681,159
"AAEL014176-RB","AAEL014176","Q16EH4","aae-miR-34-5p",-18.57,1660,1681,159
"AAEL000805-RA","AAEL000805","Q17N40","aae-miR-34-5p",-27.45,1850,1871,158
"AAEL022413-RA","AAEL022413","Q175B9","aae-miR-34-5p",-25.36,472,496,158
"AAEL002761-RAH","AAEL002761","Q17H75","aae-miR-34-5p",-24.52,581,601,158
"AAEL002761-RAH","AAEL002761","Q17H76","aae-miR-34-5p",-24.52,581,601,158
"AAEL002761-RAJ","AAEL002761","UPI000937A525","aae-miR-34-5p",-24.52,581,601,158
"AAEL002761-RL","AAEL002761","UPI000B78270F","aae-miR-34-5p",-24.52,581,601,158
"AAEL002761-RM","AAEL002761","UPI000B7720D4","aae-miR-34-5p",-24.52,581,601,158
"AAEL002761-RN","AAEL002761","UPI000B780D15","aae-miR-34-5p",-24.52,581,601,158
"AAEL011536-RA","AAEL011536","Q16PT5","aae-miR-34-5p",-23.03,12,34,158
"AAEL011536-RA","AAEL011536","Q58I85","aae-miR-34-5p",-23.03,12,34,158
"AAEL010659-RB","AAEL010659","Q16S81","aae-miR-34-5p",-21.3,139,160,158
"AAEL003953-RAA","AAEL003953","UPI000B79ABF9","aae-miR-34-5p",-20.45,3232,3252,158
"AAEL003953-RAB","AAEL003953","UPI000B781E4B","aae-miR-34-5p",-20.45,3232,3252,158
"AAEL003953-RC","AAEL003953","UPI000B78E7BB","aae-miR-34-5p",-20.45,3232,3252,158
"AAEL003953-RD","AAEL003953","UPI000B78908C","aae-miR-34-5p",-20.45,3232,3252,158
"AAEL003953-RE","AAEL003953","UPI000B775075","aae-miR-34-5p",-20.45,3232,3252,158
"AAEL003953-RG","AAEL003953","UPI000B77A5CA","aae-miR-34-5p",-20.45,3232,3252,158
"AAEL003953-RI","AAEL003953","UPI000B78ECD8","aae-miR-34-5p",-20.45,3232,3252,158
"AAEL003953-RJ","AAEL003953","UPI000B78D731","aae-miR-34-5p",-20.45,3232,3252,158
"AAEL003953-RK","AAEL003953","UPI000B798EB2","aae-miR-34-5p",-20.45,3232,3252,158
"AAEL003953-RM","AAEL003953","UPI000B789C4B","aae-miR-34-5p",-20.45,3232,3252,158
"AAEL003953-RO","AAEL003953","UPI000B7875A6","aae-miR-34-5p",-20.45,3232,3252,158
"AAEL003953-RP","AAEL003953","UPI000B789F16","aae-miR-34-5p",-20.45,3232,3252,158
"AAEL003953-RT","AAEL003953","UPI000B7930E3","aae-miR-34-5p",-20.45,3232,3252,158
"AAEL003953-RU","AAEL003953","Q17E44","aae-miR-34-5p",-20.45,3232,3252,158
"AAEL003953-RW","AAEL003953","UPI000B79719A","aae-miR-34-5p",-20.45,3232,3252,158
"AAEL003953-RX","AAEL003953","UPI000B79A431","aae-miR-34-5p",-20.45,3232,3252,158
"AAEL003953-RY","AAEL003953","UPI000B781EDE","aae-miR-34-5p",-20.45,3232,3252,158
"AAEL003953-RZ","AAEL003953","UPI000B76D873","aae-miR-34-5p",-20.45,3232,3252,158
"AAEL016992-RB","AAEL016992","Q4ZGM4","aae-miR-34-5p",-19.4,1347,1368,158
"AAEL011910-RA","AAEL011910","Q16NP6","aae-miR-34-5p",-20.99,2068,2089,157
"AAEL009630-RB","AAEL009630","UPI000B796997","aae-miR-34-5p",-20.46,323,345,157
"AAEL009630-RC","AAEL009630","UPI000B788CE7","aae-miR-34-5p",-20.46,323,345,157
"AAEL009630-RG","AAEL009630","Q16VA1","aae-miR-34-5p",-20.46,323,345,157
"AAEL020156-RA","AAEL020156","UPI000B76F52D","aae-miR-34-5p",-20.46,323,345,157
"AAEL004292-RA","AAEL004292","Q17D93","aae-miR-34-5p",-20,188,207,157
"AAEL004440-RA","AAEL004440","Q17CU4","aae-miR-34-5p",-19.47,1,14,157
"AAEL004440-RB","AAEL004440","UPI000B76CCBE","aae-miR-34-5p",-19.47,1,14,157
"AAEL027699-RA","AAEL027699","A0A0P6K0P2","aae-miR-34-5p",-18.38,864,885,157
"AAEL027699-RB","AAEL027699","Q17BQ2","aae-miR-34-5p",-18.38,864,885,157
"AAEL027699-RB","AAEL027699","A0A1S4F8W6","aae-miR-34-5p",-18.38,864,885,157
"AAEL027699-RC","AAEL027699","UPI000B77C022","aae-miR-34-5p",-18.38,864,885,157
"AAEL002287-RB","AAEL002287","UPI000B79710F","aae-miR-34-5p",-28.87,892,913,156
"AAEL002287-RD","AAEL002287","Q17IL0","aae-miR-34-5p",-28.87,892,913,156
"AAEL000860-RA","AAEL000860","Q17N01","aae-miR-34-5p",-24.98,832,851,156
"AAEL011105-RA","AAEL011105","A0A1S4FSQ2","aae-miR-34-5p",-24.32,28,50,156
"AAEL011105-RB","AAEL011105","A0A1S4FS85","aae-miR-34-5p",-24.32,28,50,156
"AAEL000874-RB","AAEL000874","UPI000B772208","aae-miR-34-5p",-22.98,56,76,156
"AAEL000874-RC","AAEL000874","UPI000B77B119","aae-miR-34-5p",-22.98,56,76,156
"AAEL000874-RD","AAEL000874","Q17MT6","aae-miR-34-5p",-22.98,56,76,156
"AAEL000788-RB","AAEL000788","A0A0P6JSB3","aae-miR-34-5p",-19.64,81,102,156
"AAEL000788-RB","AAEL000788","Q17N82","aae-miR-34-5p",-19.64,81,102,156
"AAEL000788-RC","AAEL000788","UPI000B78F3B7","aae-miR-34-5p",-19.64,81,102,156
"AAEL011890-RC","AAEL011890","Q16NR7","aae-miR-34-5p",-25.44,34,56,155
"AAEL000723-RB","AAEL000723","UPI000B77B64D","aae-miR-34-5p",-25.43,79,104,155
"AAEL000723-RD","AAEL000723","UPI000B79AEA8","aae-miR-34-5p",-25.43,311,336,155
"AAEL000723-RI","AAEL000723","Q17NC4","aae-miR-34-5p",-25.43,79,104,155
"AAEL010308-RA","AAEL010308","A0A1S4FPW1","aae-miR-34-5p",-25.38,1383,1406,155
"AAEL010308-RA","AAEL010308","Q0IEI4","aae-miR-34-5p",-25.38,1383,1406,155
"AAEL013532-RA","AAEL013532","Q1HRS1","aae-miR-34-5p",-25.23,147,168,155
"AAEL013532-RA","AAEL013532","Q16IV3","aae-miR-34-5p",-25.23,147,168,155
"AAEL002876-RG","AAEL002876","UPI000B787142","aae-miR-34-5p",-23.67,130,151,155
"AAEL013770-RB","AAEL013770","UPI000B793B72","aae-miR-34-5p",-23.19,846,869,155
"AAEL013770-RD","AAEL013770","Q16I75","aae-miR-34-5p",-23.19,846,869,155
"AAEL013770-RF","AAEL013770","Q17DB6","aae-miR-34-5p",-23.19,846,869,155
"AAEL024940-RA","AAEL024940","UPI000B78DAEE","aae-miR-34-5p",-22.92,23,44,155
"AAEL002390-RA","AAEL002390","A0A1S4F1I8","aae-miR-34-5p",-22.76,928,948,155
"AAEL002390-RA","AAEL002390","Q17IC7","aae-miR-34-5p",-22.76,928,948,155
"AAEL002390-RB","AAEL002390","UPI000B771DEC","aae-miR-34-5p",-22.76,928,948,155
"AAEL002219-RA","AAEL002219","Q17IU2","aae-miR-34-5p",-22.39,59,80,155
"AAEL005850-RA","AAEL005850","Q178K1","aae-miR-34-5p",-22.3,187,210,155
"AAEL005850-RA","AAEL005850","A0A1S4FBT4","aae-miR-34-5p",-22.3,187,210,155
"AAEL005850-RB","AAEL005850","UPI000B779535","aae-miR-34-5p",-22.3,187,210,155
"AAEL002851-RA","AAEL002851","Q0PHP1","aae-miR-34-5p",-22.21,376,394,155
"AAEL002851-RA","AAEL002851","Q0PHP0","aae-miR-34-5p",-22.21,376,394,155
"AAEL002851-RA","AAEL002851","Q17GX9","aae-miR-34-5p",-22.21,376,394,155
"AAEL008773-RA","AAEL008773","Q16XT3","aae-miR-34-5p",-21.57,20,43,155
"AAEL008773-RA","AAEL008773","A0A1S4FKJ6","aae-miR-34-5p",-21.57,20,43,155
"AAEL024680-RA","AAEL024680","Q16T61","aae-miR-34-5p",-20.11,71,92,155
"AAEL018219-RE","AAEL018219","Q16PM0","aae-miR-34-5p",-19.94,361,383,155
"AAEL018219-RE","AAEL018219","Q16PL9","aae-miR-34-5p",-19.94,361,383,155
"AAEL018219-RE","AAEL018219","A0A1S4G744","aae-miR-34-5p",-19.94,361,383,155
"AAEL019938-RA","AAEL019938","Q17PP8","aae-miR-34-5p",-19.11,44,66,155
"AAEL011083-RB","AAEL011083","A0A1S4FS60","aae-miR-34-5p",-15.91,28,48,155
"AAEL011083-RF","AAEL011083","Q16M13","aae-miR-34-5p",-15.91,28,48,155
"AAEL011083-RF","AAEL011083","J9HZJ1","aae-miR-34-5p",-15.91,28,48,155
"AAEL011083-RF","AAEL011083","Q16R38","aae-miR-34-5p",-15.91,28,48,155
"AAEL019916-RA","AAEL019916","Q17L13","aae-miR-34-5p",-28.27,110,130,154
"AAEL019916-RA","AAEL019916","Q17BK4","aae-miR-34-5p",-28.27,110,130,154
"AAEL019916-RA","AAEL019916","A0A0P6IY67","aae-miR-34-5p",-28.27,110,130,154
"AAEL009498-RB","AAEL009498","UPI000B788758","aae-miR-34-5p",-26.67,636,657,154
"AAEL018700-RB","AAEL018700","A0A0P6IY86","aae-miR-34-5p",-25.18,1642,1665,154
"AAEL018700-RB","AAEL018700","Q17FU6","aae-miR-34-5p",-25.18,1642,1665,154
"AAEL018700-RC","AAEL018700","Q17FU7","aae-miR-34-5p",-25.18,1642,1665,154
"AAEL018700-RC","AAEL018700","A0A1S4G7P7","aae-miR-34-5p",-25.18,1642,1665,154
"AAEL018700-RD","AAEL018700","UPI000B796951","aae-miR-34-5p",-25.18,1642,1665,154
"AAEL018700-RF","AAEL018700","UPI000B77EE84","aae-miR-34-5p",-25.18,1642,1665,154
"AAEL019683-RA","AAEL019683","UPI000B7911C7","aae-miR-34-5p",-24.32,277,302,154
"AAEL019683-RD","AAEL019683","Q16YZ8","aae-miR-34-5p",-24.32,277,302,154
"AAEL019683-RD","AAEL019683","A0A1S4FJ89","aae-miR-34-5p",-24.32,277,302,154
"AAEL019683-RD","AAEL019683","Q16YZ9","aae-miR-34-5p",-24.32,277,302,154
"AAEL001237-RB","AAEL001237","A0A1S4EY60","aae-miR-34-5p",-24.21,84,104,154
"AAEL001237-RB","AAEL001237","Q17LV1","aae-miR-34-5p",-24.21,84,104,154
"AAEL012019-RA","AAEL012019","Q16NC7","aae-miR-34-5p",-24.02,474,498,154
"AAEL012019-RB","AAEL012019","UPI000B77C05A","aae-miR-34-5p",-24.02,474,498,154
"AAEL012019-RC","AAEL012019","UPI000B777041","aae-miR-34-5p",-24.02,474,498,154
"AAEL019702-RA","AAEL019702","Q17G69","aae-miR-34-5p",-23.97,1038,1059,154
"AAEL006189-RA","AAEL006189","Q177A9","aae-miR-34-5p",-23.32,617,637,154
"AAEL012421-RA","AAEL012421","A0A1S4FWE5","aae-miR-34-5p",-18.57,934,953,154
"AAEL012421-RB","AAEL012421","Q16M52","aae-miR-34-5p",-18.57,934,953,154
"AAEL012421-RB","AAEL012421","Q16HX2","aae-miR-34-5p",-18.57,934,953,154
"AAEL012390-RA","AAEL012390","A0A1S4FW49","aae-miR-34-5p",-18.44,83,106,154
"AAEL012390-RB","AAEL012390","A0A0N8ES45","aae-miR-34-5p",-18.44,83,106,154
"AAEL012390-RB","AAEL012390","Q16M77","aae-miR-34-5p",-18.44,83,106,154
"AAEL006373-RB","AAEL006373","A0A1S4FDA2","aae-miR-34-5p",-16.34,102,123,154
"AAEL006373-RB","AAEL006373","Q176F7","aae-miR-34-5p",-16.34,102,123,154
"AAEL006373-RB","AAEL006373","Q176F8","aae-miR-34-5p",-16.34,102,123,154
"AAEL023488-RA","AAEL023488","UPI000B791A7D","aae-miR-34-5p",-26.56,806,827,153
"AAEL023488-RC","AAEL023488","Q16U87","aae-miR-34-5p",-26.56,806,827,153
"AAEL023488-RC","AAEL023488","Q16TM2","aae-miR-34-5p",-26.56,806,827,153
"AAEL023488-RC","AAEL023488","A0A0P6K0W0","aae-miR-34-5p",-26.56,806,827,153
"AAEL023488-RC","AAEL023488","A0A1S4FP53","aae-miR-34-5p",-26.56,806,827,153
"AAEL023488-RD","AAEL023488","UPI000B795AA0","aae-miR-34-5p",-26.56,806,827,153
"AAEL008944-RB","AAEL008944","UPI000B790DAF","aae-miR-34-5p",-24.23,247,267,153
"AAEL009484-RC","AAEL009484","Q16VP5","aae-miR-34-5p",-22.43,245,266,153
"AAEL009484-RC","AAEL009484","A0A1S4FMH0","aae-miR-34-5p",-22.43,245,266,153
"AAEL009484-RD","AAEL009484","Q16VP6","aae-miR-34-5p",-22.43,245,266,153
"AAEL012307-RA","AAEL012307","A0A1S4FVX0","aae-miR-34-5p",-22.26,682,702,153
"AAEL012307-RA","AAEL012307","Q16MG8","aae-miR-34-5p",-22.26,682,702,153
"AAEL022794-RA","AAEL022794","UPI000B77AD92","aae-miR-34-5p",-21.39,21,42,153
"AAEL019527-RA","AAEL019527","Q16TT9","aae-miR-34-5p",-19.05,1047,1068,153
"AAEL021782-RA","AAEL021782","A0A0P6ISZ2","aae-miR-34-5p",-27.9,90,111,152
"AAEL021782-RA","AAEL021782","A0A1S4G3J9","aae-miR-34-5p",-27.9,90,111,152
"AAEL021782-RA","AAEL021782","Q16F46","aae-miR-34-5p",-27.9,90,111,152
"AAEL024271-RA","AAEL024271","UPI000B791893","aae-miR-34-5p",-26.52,611,632,152
"AAEL023898-RA","AAEL023898","UPI000B7727EB","aae-miR-34-5p",-25.56,1591,1612,152
"AAEL020110-RA","AAEL020110","UPI000B7784B0","aae-miR-34-5p",-24.3,967,987,152
"AAEL020110-RB","AAEL020110","UPI000B793015","aae-miR-34-5p",-24.3,967,987,152
"AAEL020110-RC","AAEL020110","UPI000B7788D4","aae-miR-34-5p",-24.3,967,987,152
"AAEL020110-RD","AAEL020110","A0A0P6J4C6","aae-miR-34-5p",-24.3,967,987,152
"AAEL020110-RE","AAEL020110","UPI000B77E961","aae-miR-34-5p",-24.3,967,987,152
"AAEL020110-RF","AAEL020110","UPI000B79274D","aae-miR-34-5p",-24.3,967,987,152
"AAEL020110-RG","AAEL020110","UPI000B78E047","aae-miR-34-5p",-24.3,967,987,152
"AAEL024786-RA","AAEL024786","A0A1S4F358","aae-miR-34-5p",-23.21,1249,1270,152
"AAEL024786-RA","AAEL024786","Q1HQV2","aae-miR-34-5p",-23.21,1249,1270,152
"AAEL024786-RA","AAEL024786","Q17GP4","aae-miR-34-5p",-23.21,1249,1270,152
"AAEL003527-RA","AAEL003527","A0A1S4F4W1","aae-miR-34-5p",-23.07,878,899,152
"AAEL007217-RA","AAEL007217","Q173B0","aae-miR-34-5p",-22.52,223,242,152
"AAEL008414-RA","AAEL008414","Q16YV1","aae-miR-34-5p",-20.46,530,549,152
"AAEL008414-RA","AAEL008414","A0A1S4FJE7","aae-miR-34-5p",-20.46,530,549,152
"AAEL024567-RA","AAEL024567","UPI000B783A2F","aae-miR-34-5p",-20.2,228,249,152
"AAEL023348-RA","AAEL023348","Q8MWG7","aae-miR-34-5p",-20.13,1102,1123,152
"AAEL023348-RA","AAEL023348","Q17NE5","aae-miR-34-5p",-20.13,1102,1123,152
"AAEL023348-RA","AAEL023348","Q8MWG8","aae-miR-34-5p",-20.13,1102,1123,152
"AAEL006685-RA","AAEL006685","Q175F3","aae-miR-34-5p",-18.77,1130,1152,152
"AAEL006685-RA","AAEL006685","A0A0B4U3Y7","aae-miR-34-5p",-18.77,1130,1152,152
"AAEL000970-RB","AAEL000970","UPI000B78899B","aae-miR-34-5p",-18.7,6002,6021,152
"AAEL000970-RC","AAEL000970","Q17MR3","aae-miR-34-5p",-18.7,4208,4227,152
"AAEL027763-RA","AAEL027763","Q17GM1","aae-miR-34-5p",-18.38,133,154,152
"AAEL002769-RB","AAEL002769","Q17H88","aae-miR-34-5p",-17.6,132,154,152
"AAEL002769-RC","AAEL002769","UPI000B791106","aae-miR-34-5p",-17.6,132,154,152
"AAEL002769-RE","AAEL002769","UPI000B78CC0D","aae-miR-34-5p",-17.6,132,154,152
"AAEL008634-RC","AAEL008634","UPI000B76DF11","aae-miR-34-5p",-16.09,1293,1315,152
"AAEL008634-RF","AAEL008634","A0A1S4FKB3","aae-miR-34-5p",-16.09,1293,1315,152
"AAEL008634-RF","AAEL008634","S4SE26","aae-miR-34-5p",-16.09,1293,1315,152
"AAEL008634-RG","AAEL008634","Q16Y83","aae-miR-34-5p",-16.09,1293,1315,152
"AAEL008634-RG","AAEL008634","S4SCW7","aae-miR-34-5p",-16.09,1293,1315,152
"AAEL026260-RA","AAEL026260","UPI000B77D3B0","aae-miR-34-5p",-27.07,1124,1145,151
"AAEL026260-RB","AAEL026260","Q16LK2","aae-miR-34-5p",-27.07,1124,1145,151
"AAEL026260-RC","AAEL026260","Q16LK0","aae-miR-34-5p",-27.07,1124,1145,151
"AAEL021945-RI","AAEL021945","Q16JN7","aae-miR-34-5p",-26.63,28,51,151
"AAEL021995-RA","AAEL021995","UPI000B78BC10","aae-miR-34-5p",-24.84,46,66,151
"AAEL019553-RA","AAEL019553","UPI000B7739E0","aae-miR-34-5p",-24.75,1,19,151
"AAEL019553-RB","AAEL019553","Q17A00","aae-miR-34-5p",-24.75,1,19,151
"AAEL005731-RA","AAEL005731","A0T2W5","aae-miR-34-5p",-24.56,27,48,151
"AAEL005731-RB","AAEL005731","Q178X8","aae-miR-34-5p",-24.56,27,48,151
"AAEL005731-RB","AAEL005731","A0A0P6J0U9","aae-miR-34-5p",-24.56,27,48,151
"AAEL005731-RC","AAEL005731","UPI000B78430C","aae-miR-34-5p",-24.56,27,48,151
"AAEL005731-RD","AAEL005731","UPI000B77A19A","aae-miR-34-5p",-24.56,27,48,151
"AAEL025017-RA","AAEL025017","UPI0009368C64","aae-miR-34-5p",-22.73,503,524,151
"AAEL025017-RB","AAEL025017","Q16N99","aae-miR-34-5p",-22.73,503,524,151
"AAEL025017-RB","AAEL025017","Q16EE7","aae-miR-34-5p",-22.73,503,524,151
"AAEL012837-RA","AAEL012837","Q16KY3","aae-miR-34-5p",-22.43,390,413,151
"AAEL011598-RA","AAEL011598","A0A1S4FU22","aae-miR-34-5p",-21.98,617,639,151
"AAEL019566-RA","AAEL019566","Q16SB0","aae-miR-34-5p",-21.67,140,161,151
"AAEL019566-RA","AAEL019566","Q17P09","aae-miR-34-5p",-21.67,140,161,151
"AAEL019566-RA","AAEL019566","A0A0P6JSR0","aae-miR-34-5p",-21.67,140,161,151
"AAEL019566-RB","AAEL019566","UPI000B799317","aae-miR-34-5p",-21.67,140,161,151
"AAEL019566-RD","AAEL019566","Q17HS6","aae-miR-34-5p",-21.67,140,161,151
"AAEL019566-RE","AAEL019566","UPI000B795859","aae-miR-34-5p",-21.67,140,161,151
"AAEL019566-RF","AAEL019566","A0A1S4F261","aae-miR-34-5p",-21.67,140,161,151
"AAEL019658-RA","AAEL019658","Q16KR1","aae-miR-34-5p",-21.55,1434,1455,151
"AAEL019658-RA","AAEL019658","Q16KQ9","aae-miR-34-5p",-21.55,1434,1455,151
"AAEL019658-RA","AAEL019658","Q16KQ8","aae-miR-34-5p",-21.55,1434,1455,151
"AAEL019658-RA","AAEL019658","Q16KR0","aae-miR-34-5p",-21.55,1434,1455,151
"AAEL019658-RA","AAEL019658","A0A0P6J5D2","aae-miR-34-5p",-21.55,1434,1455,151
"AAEL019658-RA","AAEL019658","A0A1S4FXK5","aae-miR-34-5p",-21.55,1434,1455,151
"AAEL006399-RA","AAEL006399","Q0IFA2","aae-miR-34-5p",-20.85,249,270,151
"AAEL000821-RB","AAEL000821","UPI000B7924FB","aae-miR-34-5p",-20.71,215,237,151
"AAEL000821-RC","AAEL000821","Q17N19","aae-miR-34-5p",-20.71,215,237,151
"AAEL013702-RF","AAEL013702","UPI000B790278","aae-miR-34-5p",-20.71,14,36,151
"AAEL020000-RA","AAEL020000","UPI000B7763D0","aae-miR-34-5p",-20.21,70,92,151
"AAEL027188-RA","AAEL027188","A0A0N8ES75","aae-miR-34-5p",-20.21,88,110,151
"AAEL027188-RA","AAEL027188","Q16VA2","aae-miR-34-5p",-20.21,88,110,151
"AAEL019887-RA","AAEL019887","Q16XX8","aae-miR-34-5p",-19.9,76,95,151
"AAEL019887-RB","AAEL019887","Q16XX7","aae-miR-34-5p",-19.9,76,95,151
"AAEL009704-RB","AAEL009704","UPI000B78D855","aae-miR-34-5p",-19.44,83,106,151
"AAEL022149-RA","AAEL022149","UPI000B78EBFA","aae-miR-34-5p",-18.73,2,25,151
"AAEL022149-RB","AAEL022149","UPI000B77E995","aae-miR-34-5p",-18.73,2,25,151
"AAEL008401-RB","AAEL008401","Q16YX0","aae-miR-34-5p",-18.51,1048,1069,151
"AAEL012823-RA","AAEL012823","Q16KZ4","aae-miR-34-5p",-18.41,971,992,151
"AAEL012823-RA","AAEL012823","Q16KJ5","aae-miR-34-5p",-18.41,971,992,151
"AAEL027358-RA","AAEL027358","UPI000B79364C","aae-miR-34-5p",-24.92,137,158,150
"AAEL007876-RB","AAEL007876","UPI000B77ED67","aae-miR-34-5p",-24.72,295,315,150
"AAEL007876-RC","AAEL007876","Q170K9","aae-miR-34-5p",-24.72,295,315,150
"AAEL007876-RC","AAEL007876","Q170K8","aae-miR-34-5p",-24.72,295,315,150
"AAEL007876-RC","AAEL007876","A0A0P6IUU0","aae-miR-34-5p",-24.72,295,315,150
"AAEL027318-RA","AAEL027318","UPI000B777B19","aae-miR-34-5p",-22.9,726,748,150
"AAEL027318-RC","AAEL027318","A0A0N8ERY6","aae-miR-34-5p",-22.9,726,748,150
"AAEL002308-RA","AAEL002308","A0A1S4F1C1","aae-miR-34-5p",-22.57,1624,1645,150
"AAEL002308-RB","AAEL002308","Q17IM8","aae-miR-34-5p",-22.57,1624,1645,150
"AAEL011563-RC","AAEL011563","Q16PP6","aae-miR-34-5p",-22.57,279,300,150
"AAEL025818-RA","AAEL025818","UPI000B789129","aae-miR-34-5p",-22.49,1570,1592,150
"AAEL025818-RB","AAEL025818","UPI000B779EA2","aae-miR-34-5p",-22.49,1570,1592,150
"AAEL025818-RD","AAEL025818","Q0C7B1","aae-miR-34-5p",-22.49,1570,1592,150
"AAEL025818-RD","AAEL025818","A0A0P6JS10","aae-miR-34-5p",-22.49,1570,1592,150
"AAEL007483-RB","AAEL007483","Q171Z5","aae-miR-34-5p",-22.48,202,222,150
"AAEL020748-RA","AAEL020748","UPI000B78FA0B","aae-miR-34-5p",-22.02,204,224,150
"AAEL027078-RA","AAEL027078","Q17J33","aae-miR-34-5p",-21.96,109,132,150
"AAEL027078-RB","AAEL027078","A0A0P6IUZ8","aae-miR-34-5p",-21.96,109,132,150
"AAEL008354-RA","AAEL008354","Q0IEP7","aae-miR-34-5p",-21.8,2048,2068,150
"AAEL008354-RA","AAEL008354","A0A1S4FJ60","aae-miR-34-5p",-21.8,2048,2068,150
"AAEL008354-RA","AAEL008354","Q16896","aae-miR-34-5p",-21.8,2048,2068,150
"AAEL008354-RB","AAEL008354","UPI000B7744B5","aae-miR-34-5p",-21.8,2048,2068,150
"AAEL008354-RD","AAEL008354","UPI000B76C530","aae-miR-34-5p",-21.8,2048,2068,150
"AAEL008354-RE","AAEL008354","UPI000B793139","aae-miR-34-5p",-21.8,2048,2068,150
"AAEL008354-RJ","AAEL008354","UPI000B78FDA8","aae-miR-34-5p",-21.8,2048,2068,150
"AAEL008354-RK","AAEL008354","UPI000B797E50","aae-miR-34-5p",-21.8,2048,2068,150
"AAEL017301-RA","AAEL017301","J9HYQ9","aae-miR-34-5p",-21.73,34,55,150
"AAEL004457-RD","AAEL004457","Q1HRI9","aae-miR-34-5p",-21.56,44,64,150
"AAEL000324-RB","AAEL000324","Q17PG3","aae-miR-34-5p",-20.98,1177,1198,150
"AAEL000324-RB","AAEL000324","A0A0P6IW15","aae-miR-34-5p",-20.98,1177,1198,150
"AAEL003267-RB","AAEL003267","A0A1S4F452","aae-miR-34-5p",-20.59,840,861,150
"AAEL003267-RC","AAEL003267","Q17FX3","aae-miR-34-5p",-20.59,840,861,150
"AAEL018351-RA","AAEL018351","Q178Z2","aae-miR-34-5p",-19.67,135,156,150
"AAEL018351-RA","AAEL018351","Q178Z1","aae-miR-34-5p",-19.67,135,156,150
"AAEL018351-RA","AAEL018351","A0A1S4G7H9","aae-miR-34-5p",-19.67,135,156,150
"AAEL018351-RB","AAEL018351","UPI000B77B50C","aae-miR-34-5p",-19.67,135,156,150
"AAEL003412-RB","AAEL003412","Q17FD5","aae-miR-34-5p",-19.16,627,647,150
"AAEL013380-RA","AAEL013380","Q16R88","aae-miR-34-5p",-18.52,737,759,150
"AAEL013380-RA","AAEL013380","Q16JC3","aae-miR-34-5p",-18.52,737,759,150
"AAEL013380-RA","AAEL013380","A0A1S4FZC4","aae-miR-34-5p",-18.52,737,759,150
"AAEL010783-RA","AAEL010783","Q16RY8","aae-miR-34-5p",-16.3,1251,1273,150
"AAEL006265-RA","AAEL006265","A0A1S4FD00","aae-miR-34-5p",-15.45,3667,3690,150
"AAEL006265-RA","AAEL006265","Q176R4","aae-miR-34-5p",-15.45,3667,3690,150
"AAEL006265-RB","AAEL006265","UPI000B772F52","aae-miR-34-5p",-15.45,3667,3690,150
"AAEL023321-RA","AAEL023321","B7TBH7","aae-miR-34-5p",-25.07,1,20,149
"AAEL023321-RA","AAEL023321","A0A1S4G6M0","aae-miR-34-5p",-25.07,1,20,149
"AAEL000597-RB","AAEL000597","Q17NP6","aae-miR-34-5p",-24.47,234,253,149
"AAEL000597-RB","AAEL000597","A0A1S4EWB0","aae-miR-34-5p",-24.47,234,253,149
"AAEL023495-RA","AAEL023495","UPI000B783C84","aae-miR-34-5p",-24,429,451,149
"AAEL023495-RB","AAEL023495","UPI000B794C57","aae-miR-34-5p",-24,429,451,149
"AAEL013507-RA","AAEL013507","Q16IY4","aae-miR-34-5p",-23.66,732,753,149
"AAEL013507-RA","AAEL013507","J9HG16","aae-miR-34-5p",-23.66,732,753,149
"AAEL019481-RC","AAEL019481","Q16II4","aae-miR-34-5p",-23.14,3462,3484,149
"AAEL019481-RC","AAEL019481","A0A0P6IVL3","aae-miR-34-5p",-23.14,3462,3484,149
"AAEL019481-RE","AAEL019481","Q16II5","aae-miR-34-5p",-23.14,3462,3484,149
"AAEL003506-RA","AAEL003506","Q17F71","aae-miR-34-5p",-22.86,162,183,149
"AAEL003506-RA","AAEL003506","A0A1S4F4V4","aae-miR-34-5p",-22.86,162,183,149
"AAEL025438-RA","AAEL025438","UPI000B78527E","aae-miR-34-5p",-22.52,368,389,149
"AAEL019617-RA","AAEL019617","UPI000B77BE50","aae-miR-34-5p",-21.89,788,808,149
"AAEL019617-RE","AAEL019617","UPI000B76DE3B","aae-miR-34-5p",-21.89,788,808,149
"AAEL019617-RF","AAEL019617","Q17KU1","aae-miR-34-5p",-21.89,788,808,149
"AAEL019617-RH","AAEL019617","UPI000B77236A","aae-miR-34-5p",-21.89,788,808,149
"AAEL019617-RI","AAEL019617","UPI000B76FC0A","aae-miR-34-5p",-21.89,788,808,149
"AAEL019617-RK","AAEL019617","A0A0P6K0X9","aae-miR-34-5p",-21.89,788,808,149
"AAEL019617-RO","AAEL019617","UPI000B77A612","aae-miR-34-5p",-21.89,788,808,149
"AAEL013758-RA","AAEL013758","Q16I88","aae-miR-34-5p",-21.69,519,540,149
"AAEL013758-RA","AAEL013758","A0A1S4G0B0","aae-miR-34-5p",-21.69,519,540,149
"AAEL013997-RA","AAEL013997","Q16HK0","aae-miR-34-5p",-21.61,2413,2438,149
"AAEL005281-RA","AAEL005281","Q17AJ3","aae-miR-34-5p",-21.6,252,273,149
"AAEL026104-RA","AAEL026104","A0A0P6ITZ1","aae-miR-34-5p",-20.25,84,109,149
"AAEL026104-RA","AAEL026104","Q17JY3","aae-miR-34-5p",-20.25,84,109,149
"AAEL021138-RA","AAEL021138","Q16FB0","aae-miR-34-5p",-18.35,405,424,149
"AAEL019483-RA","AAEL019483","Q17LI0","aae-miR-34-5p",-16.77,26,46,149
"AAEL006209-RA","AAEL006209","Q177A6","aae-miR-34-5p",-16.04,6,28,149
"AAEL006209-RA","AAEL006209","A0A1S4FCU8","aae-miR-34-5p",-16.04,6,28,149
"AAEL025606-RA","AAEL025606","Q16Q60","aae-miR-34-5p",-15.94,1323,1344,149
"AAEL025606-RB","AAEL025606","UPI000B77531C","aae-miR-34-5p",-15.94,1323,1344,149
"AAEL019586-RA","AAEL019586","UPI000B775389","aae-miR-34-5p",-27.05,3127,3148,148
"AAEL019586-RB","AAEL019586","UPI000B77A8B7","aae-miR-34-5p",-27.05,3127,3148,148
"AAEL019586-RC","AAEL019586","UPI000B773009","aae-miR-34-5p",-27.05,3127,3148,148
"AAEL019586-RD","AAEL019586","Q17F08","aae-miR-34-5p",-27.05,3127,3148,148
"AAEL019586-RE","AAEL019586","UPI000B797700","aae-miR-34-5p",-27.05,3127,3148,148
"AAEL019586-RF","AAEL019586","UPI000B774ABA","aae-miR-34-5p",-27.05,3127,3148,148
"AAEL019586-RG","AAEL019586","A0A0P6IZR0","aae-miR-34-5p",-27.05,3127,3148,148
"AAEL019586-RG","AAEL019586","Q17F07","aae-miR-34-5p",-27.05,3127,3148,148
"AAEL019586-RG","AAEL019586","Q16FK4","aae-miR-34-5p",-27.05,3127,3148,148
"AAEL019586-RH","AAEL019586","UPI000B78883A","aae-miR-34-5p",-27.05,3127,3148,148
"AAEL019586-RJ","AAEL019586","UPI000B78028A","aae-miR-34-5p",-27.05,3127,3148,148
"AAEL019586-RK","AAEL019586","UPI000B77C472","aae-miR-34-5p",-27.05,3127,3148,148
"AAEL019586-RN","AAEL019586","UPI000B77B13D","aae-miR-34-5p",-27.05,3127,3148,148
"AAEL019586-RO","AAEL019586","UPI000B78BD16","aae-miR-34-5p",-27.05,3127,3148,148
"AAEL019586-RP","AAEL019586","UPI000B7818AC","aae-miR-34-5p",-27.05,3127,3148,148
"AAEL019586-RQ","AAEL019586","UPI000B7954E4","aae-miR-34-5p",-27.05,3127,3148,148
"AAEL026701-RA","AAEL026701","Q170B1","aae-miR-34-5p",-25.21,51,73,148
"AAEL026701-RA","AAEL026701","A0A0P6J3W5","aae-miR-34-5p",-25.21,51,73,148
"AAEL025295-RG","AAEL025295","UPI000B77CC5B","aae-miR-34-5p",-24.31,210,231,148
"AAEL025295-RM","AAEL025295","UPI000B77A93A","aae-miR-34-5p",-24.31,210,231,148
"AAEL025295-RN","AAEL025295","Q17FY6","aae-miR-34-5p",-24.31,210,231,148
"AAEL012723-RA","AAEL012723","Q16L96","aae-miR-34-5p",-24.21,568,589,148
"AAEL005315-RB","AAEL005315","A0A1S4FA68","aae-miR-34-5p",-24.01,928,949,148
"AAEL005315-RB","AAEL005315","Q17AC7","aae-miR-34-5p",-24.01,928,949,148
"AAEL009987-RA","AAEL009987","A0A1S4FNX0","aae-miR-34-5p",-23.67,90,109,148
"AAEL012169-RA","AAEL012169","Q1HQG4","aae-miR-34-5p",-23.32,218,237,148
"AAEL026079-RA","AAEL026079","UPI000B7970BF","aae-miR-34-5p",-23.31,531,552,148
"AAEL022893-RA","AAEL022893","UPI000B791701","aae-miR-34-5p",-21.6,224,246,148
"AAEL013537-RA","AAEL013537","A0A0P6IVB5","aae-miR-34-5p",-21.43,584,607,148
"AAEL013537-RA","AAEL013537","A0A1S4FZD5","aae-miR-34-5p",-21.43,584,607,148
"AAEL013537-RA","AAEL013537","Q16MM1","aae-miR-34-5p",-21.43,584,607,148
"AAEL019620-RA","AAEL019620","UPI000B7970C7","aae-miR-34-5p",-21.34,95,116,148
"AAEL019621-RA","AAEL019621","Q16ML9","aae-miR-34-5p",-21.34,95,116,148
"AAEL019621-RA","AAEL019621","Q16MX5","aae-miR-34-5p",-21.34,95,116,148
"AAEL019621-RA","AAEL019621","A0A1S4G7U1","aae-miR-34-5p",-21.34,95,116,148
"AAEL019621-RA","AAEL019621","Q16MM0","aae-miR-34-5p",-21.34,95,116,148
"AAEL019621-RB","AAEL019621","UPI000B79A81A","aae-miR-34-5p",-21.34,95,116,148
"AAEL021075-RA","AAEL021075","UPI000B7701E6","aae-miR-34-5p",-20.76,1725,1746,148
"AAEL012239-RA","AAEL012239","A0A1S4FVJ0","aae-miR-34-5p",-19.9,262,283,148
"AAEL012239-RA","AAEL012239","Q16MN3","aae-miR-34-5p",-19.9,262,283,148
"AAEL009218-RA","AAEL009218","A0A1S4FLP7","aae-miR-34-5p",-19.56,26,47,148
"AAEL009218-RA","AAEL009218","Q16WG6","aae-miR-34-5p",-19.56,26,47,148
"AAEL017338-RA","AAEL017338","A0A1S4G5Q8","aae-miR-34-5p",-19.23,1084,1105,148
"AAEL017338-RA","AAEL017338","Q16HY7","aae-miR-34-5p",-19.23,1084,1105,148
"AAEL017338-RB","AAEL017338","UPI000B77D742","aae-miR-34-5p",-19.23,1084,1105,148
"AAEL017338-RC","AAEL017338","J9HJ36","aae-miR-34-5p",-19.23,1084,1105,148
"AAEL003112-RA","AAEL003112","Q17GC7","aae-miR-34-5p",-18.69,197,219,148
"AAEL003112-RB","AAEL003112","Q17GC8","aae-miR-34-5p",-18.69,197,219,148
"AAEL006058-RA","AAEL006058","Q177R6","aae-miR-34-5p",-18.55,67,89,148
"AAEL006058-RA","AAEL006058","Q1DGN3","aae-miR-34-5p",-18.55,67,89,148
"AAEL006058-RA","AAEL006058","A0A0P6K131","aae-miR-34-5p",-18.55,67,89,148
"AAEL001749-RA","AAEL001749","Q17K93","aae-miR-34-5p",-17.88,1598,1620,148
"AAEL001749-RB","AAEL001749","Q17K92","aae-miR-34-5p",-17.88,1598,1620,148
"AAEL014357-RJ","AAEL014357","Q16GJ5","aae-miR-34-5p",-16.55,122,144,148
"AAEL000201-RB","AAEL000201","Q17Q00","aae-miR-34-5p",-16.48,21,44,148
"AAEL000201-RB","AAEL000201","A0A1S4EV68","aae-miR-34-5p",-16.48,21,44,148
"AAEL000201-RC","AAEL000201","UPI000B76C477","aae-miR-34-5p",-16.48,21,44,148
"AAEL000201-RD","AAEL000201","UPI000B786DA2","aae-miR-34-5p",-16.48,344,367,148
"AAEL000201-RE","AAEL000201","UPI000B77A0AB","aae-miR-34-5p",-16.48,21,44,148
"AAEL009451-RA","AAEL009451","Q16VS2","aae-miR-34-5p",-16.36,62,81,148
"AAEL012025-RA","AAEL012025","Q16NB4","aae-miR-34-5p",-16.24,71,94,148
"AAEL007388-RB","AAEL007388","A0A1S4FGD6","aae-miR-34-5p",-28.49,414,436,147
"AAEL007388-RB","AAEL007388","A0A0P6J5N2","aae-miR-34-5p",-28.49,414,436,147
"AAEL007388-RB","AAEL007388","Q172G9","aae-miR-34-5p",-28.49,414,436,147
"AAEL007388-RC","AAEL007388","UPI000B78F7BE","aae-miR-34-5p",-28.49,414,436,147
"AAEL007388-RD","AAEL007388","UPI000B781210","aae-miR-34-5p",-28.49,414,436,147
"AAEL009869-RA","AAEL009869","Q16UK9","aae-miR-34-5p",-25.92,1114,1135,147
"AAEL009869-RA","AAEL009869","A0A1S4FNS8","aae-miR-34-5p",-25.92,1114,1135,147
"AAEL009869-RB","AAEL009869","UPI000B76B986","aae-miR-34-5p",-25.92,1114,1135,147
"AAEL009869-RD","AAEL009869","UPI000B77748A","aae-miR-34-5p",-25.92,1114,1135,147
"AAEL024005-RA","AAEL024005","UPI000B794163","aae-miR-34-5p",-24,870,892,147
"AAEL024005-RB","AAEL024005","UPI000B788D5A","aae-miR-34-5p",-24,870,892,147
"AAEL001031-RA","AAEL001031","Q17MG5","aae-miR-34-5p",-23.9,50,73,147
"AAEL001031-RA","AAEL001031","A0A1S4EXK9","aae-miR-34-5p",-23.9,50,73,147
"AAEL024144-RA","AAEL024144","Q17DL2","aae-miR-34-5p",-22.77,257,279,147
"AAEL024144-RA","AAEL024144","Q17G70","aae-miR-34-5p",-22.77,257,279,147
"AAEL008681-RA","AAEL008681","A0A1S4FK39","aae-miR-34-5p",-22.66,1084,1105,147
"AAEL008681-RA","AAEL008681","Q16Y37","aae-miR-34-5p",-22.66,1084,1105,147
"AAEL026297-RA","AAEL026297","Q171J8","aae-miR-34-5p",-20.8,676,697,147
"AAEL026297-RA","AAEL026297","Q8MQU8","aae-miR-34-5p",-20.8,676,697,147
"AAEL026297-RA","AAEL026297","Q16GL8","aae-miR-34-5p",-20.8,676,697,147
"AAEL026297-RB","AAEL026297","UPI000B793FDF","aae-miR-34-5p",-20.8,676,697,147
"AAEL001273-RA","AAEL001273","Q17LP8","aae-miR-34-5p",-20.75,113,135,147
"AAEL011872-RA","AAEL011872","Q16NS2","aae-miR-34-5p",-19.91,212,234,147
"AAEL011872-RB","AAEL011872","UPI000B78A5F0","aae-miR-34-5p",-19.91,212,234,147
"AAEL019706-RB","AAEL019706","Q17A91","aae-miR-34-5p",-19.71,907,928,147
"AAEL019706-RB","AAEL019706","Q17J08","aae-miR-34-5p",-19.71,907,928,147
"AAEL019706-RC","AAEL019706","UPI000B789144","aae-miR-34-5p",-19.71,907,928,147
"AAEL000122-RB","AAEL000122","Q16U58","aae-miR-34-5p",-19.14,152,173,147
"AAEL025598-RA","AAEL025598","UPI000B790AB2","aae-miR-34-5p",-18.88,28,50,147
"AAEL014227-RB","AAEL014227","UPI000B78C04C","aae-miR-34-5p",-18.51,2449,2470,147
"AAEL014227-RH","AAEL014227","UPI000B78FD13","aae-miR-34-5p",-18.51,2449,2470,147
"AAEL014227-RJ","AAEL014227","UPI000B795537","aae-miR-34-5p",-18.51,2449,2470,147
"AAEL011635-RA","AAEL011635","Q16PH9","aae-miR-34-5p",-18.38,310,331,147
"AAEL011635-RA","AAEL011635","Q171I0","aae-miR-34-5p",-18.38,310,331,147
"AAEL012508-RA","AAEL012508","A0A1S4FWT0","aae-miR-34-5p",-16.88,105,127,147
"AAEL012508-RA","AAEL012508","Q16LV7","aae-miR-34-5p",-16.88,105,127,147
"AAEL007029-RA","AAEL007029","A0A1S4FFA2","aae-miR-34-5p",-15.82,1110,1130,147
"AAEL007029-RB","AAEL007029","A0A1S4FFG0","aae-miR-34-5p",-15.82,1954,1974,147
"AAEL007029-RG","AAEL007029","UPI000B791D5B","aae-miR-34-5p",-15.82,1954,1974,147
"AAEL007029-RH","AAEL007029","UPI000B7734E5","aae-miR-34-5p",-15.82,1894,1914,147
"AAEL007029-RI","AAEL007029","UPI000B79360E","aae-miR-34-5p",-15.82,2083,2103,147
"AAEL007029-RJ","AAEL007029","Q173S7","aae-miR-34-5p",-15.82,1163,1183,147
"AAEL007029-RK","AAEL007029","UPI000B7845F2","aae-miR-34-5p",-15.82,1954,1974,147
"AAEL007029-RL","AAEL007029","UPI000B7762A0","aae-miR-34-5p",-15.82,1908,1928,147
"AAEL007029-RM","AAEL007029","UPI000B77E58C","aae-miR-34-5p",-15.82,588,608,147
"AAEL007029-RN","AAEL007029","UPI000B78511F","aae-miR-34-5p",-15.82,1860,1880,147
"AAEL007029-RO","AAEL007029","Q173S8","aae-miR-34-5p",-15.82,1110,1130,147
"AAEL017462-RC","AAEL017462","J9HSW9","aae-miR-34-5p",-27.51,54,74,146
"AAEL017462-RC","AAEL017462","A0A1S4G6S5","aae-miR-34-5p",-27.51,54,74,146
"AAEL017462-RC","AAEL017462","A0A1S4G685","aae-miR-34-5p",-27.51,54,74,146
"AAEL017462-RD","AAEL017462","J9HZ23","aae-miR-34-5p",-27.51,54,74,146
"AAEL013941-RA","AAEL013941","A0A1S4G0T1","aae-miR-34-5p",-25.05,581,603,146
"AAEL005832-RA","AAEL005832","A0A1S4FBU7","aae-miR-34-5p",-24.98,583,606,146
"AAEL005832-RB","AAEL005832","Q178N5","aae-miR-34-5p",-24.98,583,606,146
"AAEL008149-RA","AAEL008149","Q16ZN0","aae-miR-34-5p",-24.98,98,120,146
"AAEL008149-RA","AAEL008149","Q16H46","aae-miR-34-5p",-24.98,98,120,146
"AAEL000649-RA","AAEL000649","Q17NM9","aae-miR-34-5p",-24.24,301,321,146
"AAEL003194-RA","AAEL003194","Q17G59","aae-miR-34-5p",-23.75,121,141,146
"AAEL003194-RA","AAEL003194","A0A1S4F445","aae-miR-34-5p",-23.75,121,141,146
"AAEL010821-RA","AAEL010821","Q1HR99","aae-miR-34-5p",-23.73,23,43,146
"AAEL000424-RB","AAEL000424","A0A0P6K128","aae-miR-34-5p",-23.43,17,37,146
"AAEL020446-RB","AAEL020446","Q171N7","aae-miR-34-5p",-23.14,218,242,146
"AAEL020446-RB","AAEL020446","A0A1S4FH62","aae-miR-34-5p",-23.14,218,242,146
"AAEL025049-RC","AAEL025049","UPI000B797DF5","aae-miR-34-5p",-22.95,654,678,146
"AAEL005463-RB","AAEL005463","UPI000B793AE0","aae-miR-34-5p",-22.92,139,160,146
"AAEL005463-RC","AAEL005463","UPI000B798F07","aae-miR-34-5p",-22.92,139,160,146
"AAEL005463-RE","AAEL005463","UPI00093766E5","aae-miR-34-5p",-22.92,139,160,146
"AAEL005463-RH","AAEL005463","UPI0009363C80","aae-miR-34-5p",-22.92,139,160,146
"AAEL005463-RI","AAEL005463","Q179X5","aae-miR-34-5p",-22.92,139,160,146
"AAEL006219-RB","AAEL006219","Q176Y4","aae-miR-34-5p",-22.87,143,166,146
"AAEL012031-RA","AAEL012031","Q16NB0","aae-miR-34-5p",-22.75,53,74,146
"AAEL001951-RA","AAEL001951","Q6QNY2","aae-miR-34-5p",-22.47,21,41,146
"AAEL001951-RB","AAEL001951","Q6ELZ6","aae-miR-34-5p",-22.47,21,41,146
"AAEL009915-RB","AAEL009915","UPI000B781B3A","aae-miR-34-5p",-22.25,1431,1458,146
"AAEL009915-RC","AAEL009915","Q16UG5","aae-miR-34-5p",-22.25,1431,1458,146
"AAEL009915-RC","AAEL009915","A0A1S4FNQ4","aae-miR-34-5p",-22.25,1431,1458,146
"AAEL009915-RD","AAEL009915","UPI000B7994EE","aae-miR-34-5p",-22.25,1431,1458,146
"AAEL010883-RA","AAEL010883","Q16RP7","aae-miR-34-5p",-21.84,586,608,146
"AAEL010883-RA","AAEL010883","A0A1S4FRX2","aae-miR-34-5p",-21.84,586,608,146
"AAEL010883-RB","AAEL010883","UPI000B77D200","aae-miR-34-5p",-21.84,586,608,146
"AAEL010883-RC","AAEL010883","Q16P43","aae-miR-34-5p",-21.84,586,608,146
"AAEL010883-RC","AAEL010883","Q16F21","aae-miR-34-5p",-21.84,586,608,146
"AAEL011174-RA","AAEL011174","Q16QU1","aae-miR-34-5p",-21.2,95,115,146
"AAEL011174-RA","AAEL011174","Q16EP6","aae-miR-34-5p",-21.2,95,115,146
"AAEL011174-RA","AAEL011174","A0A1S4G3G5","aae-miR-34-5p",-21.2,95,115,146
"AAEL010584-RB","AAEL010584","UPI000B79085B","aae-miR-34-5p",-20.71,5,25,146
"AAEL010584-RC","AAEL010584","Q16SI7","aae-miR-34-5p",-20.71,5,25,146
"AAEL008292-RA","AAEL008292","A0A1S4FJ63","aae-miR-34-5p",-20.67,52,77,146
"AAEL008292-RB","AAEL008292","UPI000B77E124","aae-miR-34-5p",-20.67,52,77,146
"AAEL008292-RC","AAEL008292","Q16Z71","aae-miR-34-5p",-20.67,52,77,146
"AAEL008292-RF","AAEL008292","UPI000B7753E2","aae-miR-34-5p",-20.67,132,157,146
"AAEL004900-RA","AAEL004900","Q17BN5","aae-miR-34-5p",-20.63,572,593,146
"AAEL021520-RA","AAEL021520","UPI000B76E993","aae-miR-34-5p",-20.61,270,291,146
"AAEL021520-RB","AAEL021520","UPI000B777613","aae-miR-34-5p",-20.61,2224,2245,146
"AAEL021520-RC","AAEL021520","UPI000B78BA47","aae-miR-34-5p",-20.61,2224,2245,146
"AAEL021520-RD","AAEL021520","UPI000B780FE6","aae-miR-34-5p",-20.61,270,291,146
"AAEL021520-RE","AAEL021520","UPI000B789B83","aae-miR-34-5p",-20.61,270,291,146
"AAEL021202-RA","AAEL021202","UPI000B77E0A9","aae-miR-34-5p",-20.35,1568,1589,146
"AAEL022782-RA","AAEL022782","Q16TR7","aae-miR-34-5p",-20.35,1566,1587,146
"AAEL022782-RB","AAEL022782","UPI000B76CDCD","aae-miR-34-5p",-20.35,1566,1587,146
"AAEL022782-RC","AAEL022782","UPI000B7895B9","aae-miR-34-5p",-20.35,1566,1587,146
"AAEL013252-RB","AAEL013252","Q16JQ4","aae-miR-34-5p",-20.14,63,83,146
"AAEL013252-RC","AAEL013252","Q16JQ5","aae-miR-34-5p",-20.14,63,83,146
"AAEL013252-RC","AAEL013252","Q16JQ6","aae-miR-34-5p",-20.14,63,83,146
"AAEL013252-RD","AAEL013252","UPI000B77C3D5","aae-miR-34-5p",-20.14,63,83,146
"AAEL012858-RA","AAEL012858","Q16KW0","aae-miR-34-5p",-19.16,144,166,146
"AAEL012858-RA","AAEL012858","A0A1S4FX89","aae-miR-34-5p",-19.16,144,166,146
"AAEL009074-RB","AAEL009074","A8QJ46","aae-miR-34-5p",-18.79,39,63,146
"AAEL009074-RB","AAEL009074","Q5MM83","aae-miR-34-5p",-18.79,39,63,146
"AAEL009074-RB","AAEL009074","Q16WV1","aae-miR-34-5p",-18.79,39,63,146
"AAEL009074-RB","AAEL009074","A0FGS9","aae-miR-34-5p",-18.79,39,63,146
"AAEL009074-RB","AAEL009074","Q6Q507","aae-miR-34-5p",-18.79,39,63,146
"AAEL003014-RB","AAEL003014","Q17GH6","aae-miR-34-5p",-18.01,1745,1766,146
"AAEL003014-RB","AAEL003014","A0A0P6JSR3","aae-miR-34-5p",-18.01,1745,1766,146
"AAEL003014-RB","AAEL003014","A0A1S4F3D7","aae-miR-34-5p",-18.01,1745,1766,146
"AAEL013251-RA","AAEL013251","A0A1S4FYE1","aae-miR-34-5p",-17.56,893,913,146
"AAEL013251-RC","AAEL013251","UPI000B7782B7","aae-miR-34-5p",-17.56,893,913,146
"AAEL002253-RB","AAEL002253","Q17IQ5","aae-miR-34-5p",-16.06,190,210,146
"AAEL002253-RB","AAEL002253","Q16N73","aae-miR-34-5p",-16.06,190,210,146
"AAEL002253-RB","AAEL002253","Q17IQ7","aae-miR-34-5p",-16.06,190,210,146
"AAEL026708-RA","AAEL026708","UPI000B781D65","aae-miR-34-5p",-15.46,1,16,146
"AAEL005970-RA","AAEL005970","Q178A4","aae-miR-34-5p",-14.76,41,62,146
"AAEL013418-RA","AAEL013418","Q16J72","aae-miR-34-5p",-26.48,342,363,145
"AAEL013418-RA","AAEL013418","A0A1S4FYY2","aae-miR-34-5p",-26.48,342,363,145
"AAEL000431-RA","AAEL000431","A0A1S4EVT9","aae-miR-34-5p",-26.18,84,105,145
"AAEL000431-RA","AAEL000431","Q17PA7","aae-miR-34-5p",-26.18,84,105,145
"AAEL003355-RA","AAEL003355","A0A1S4F4K6","aae-miR-34-5p",-25.78,1856,1877,145
"AAEL003355-RA","AAEL003355","Q17FR0","aae-miR-34-5p",-25.78,1856,1877,145
"AAEL010041-RA","AAEL010041","A0A1S4FPI0","aae-miR-34-5p",-25.62,206,225,145
"AAEL010041-RB","AAEL010041","Q16U30","aae-miR-34-5p",-25.62,206,225,145
"AAEL010041-RC","AAEL010041","UPI000B7774DB","aae-miR-34-5p",-25.62,206,225,145
"AAEL026147-RA","AAEL026147","Q16WM1","aae-miR-34-5p",-25.26,69,89,145
"AAEL005766-RB","AAEL005766","Q178U8","aae-miR-34-5p",-24.47,41,62,145
"AAEL008507-RA","AAEL008507","Q16YK1","aae-miR-34-5p",-24.47,680,699,145
"AAEL009838-RA","AAEL009838","Q16UP5","aae-miR-34-5p",-24.46,7,26,145
"AAEL009838-RB","AAEL009838","UPI000B79946E","aae-miR-34-5p",-24.46,7,26,145
"AAEL009400-RD","AAEL009400","Q16VZ2","aae-miR-34-5p",-23.01,297,318,145
"AAEL009400-RE","AAEL009400","Q16VZ1","aae-miR-34-5p",-23.01,297,318,145
"AAEL009400-RE","AAEL009400","A0A1S4FM75","aae-miR-34-5p",-23.01,297,318,145
"AAEL009400-RE","AAEL009400","Q16VZ3","aae-miR-34-5p",-23.01,297,318,145
"AAEL001959-RA","AAEL001959","Q17JF6","aae-miR-34-5p",-22.53,429,451,145
"AAEL011648-RA","AAEL011648","Q16PG7","aae-miR-34-5p",-22.5,792,812,145
"AAEL019467-RA","AAEL019467","UPI000B782D69","aae-miR-34-5p",-22.29,566,588,145
"AAEL019467-RB","AAEL019467","UPI000B7708D7","aae-miR-34-5p",-22.29,566,588,145
"AAEL019467-RC","AAEL019467","UPI000B770572","aae-miR-34-5p",-22.29,566,588,145
"AAEL019467-RD","AAEL019467","UPI000B78B4DC","aae-miR-34-5p",-22.29,566,588,145
"AAEL019467-RE","AAEL019467","A0A0P6ITT4","aae-miR-34-5p",-22.29,566,588,145
"AAEL019467-RE","AAEL019467","Q17B43","aae-miR-34-5p",-22.29,566,588,145
"AAEL019467-RF","AAEL019467","UPI000B770E97","aae-miR-34-5p",-22.29,566,588,145
"AAEL019467-RG","AAEL019467","UPI000B777401","aae-miR-34-5p",-22.29,566,588,145
"AAEL019467-RI","AAEL019467","Q17B44","aae-miR-34-5p",-22.29,566,588,145
"AAEL019467-RJ","AAEL019467","UPI000B781B60","aae-miR-34-5p",-22.29,566,588,145
"AAEL019467-RL","AAEL019467","UPI000B773DF2","aae-miR-34-5p",-22.29,566,588,145
"AAEL004544-RB","AAEL004544","Q16IW8","aae-miR-34-5p",-22.21,497,519,145
"AAEL004544-RB","AAEL004544","Q16LS6","aae-miR-34-5p",-22.21,497,519,145
"AAEL004544-RB","AAEL004544","Q17CG1","aae-miR-34-5p",-22.21,497,519,145
"AAEL020403-RA","AAEL020403","UPI000B772C7F","aae-miR-34-5p",-21.81,2292,2311,145
"AAEL020403-RE","AAEL020403","A0A1S4G4U4","aae-miR-34-5p",-21.81,2292,2311,145
"AAEL020403-RE","AAEL020403","Q16KW9","aae-miR-34-5p",-21.81,2292,2311,145
"AAEL020403-RE","AAEL020403","Q1DGF8","aae-miR-34-5p",-21.81,2292,2311,145
"AAEL020403-RE","AAEL020403","A0A1S4FXB1","aae-miR-34-5p",-21.81,2292,2311,145
"AAEL020403-RG","AAEL020403","UPI000B78F1AA","aae-miR-34-5p",-21.81,2292,2311,145
"AAEL024112-RA","AAEL024112","Q17FC6","aae-miR-34-5p",-21.08,653,674,145
"AAEL011281-RA","AAEL011281","A0A1S4FSU8","aae-miR-34-5p",-20.42,732,755,145
"AAEL011281-RB","AAEL011281","UPI000B784E0C","aae-miR-34-5p",-20.42,732,755,145
"AAEL011281-RH","AAEL011281","Q16QH9","aae-miR-34-5p",-20.42,732,755,145
"AAEL026381-RA","AAEL026381","UPI000B77C51E","aae-miR-34-5p",-20.4,264,285,145
"AAEL026381-RE","AAEL026381","Q17HP2","aae-miR-34-5p",-20.4,264,285,145
"AAEL000336-RA","AAEL000336","Q17PD7","aae-miR-34-5p",-19.46,651,672,145
"AAEL000336-RA","AAEL000336","A0A1S4EVL3","aae-miR-34-5p",-19.46,651,672,145
"AAEL012101-RB","AAEL012101","Q16N35","aae-miR-34-5p",-19.24,118,139,145
"AAEL004874-RA","AAEL004874","A0A1S4F958","aae-miR-34-5p",-19.17,135,156,145
"AAEL004874-RA","AAEL004874","Q17BR9","aae-miR-34-5p",-19.17,135,156,145
"AAEL004874-RB","AAEL004874","UPI000B79976D","aae-miR-34-5p",-19.17,135,156,145
"AAEL020258-RA","AAEL020258","A0A1S4F6W9","aae-miR-34-5p",-19,541,560,145
"AAEL020258-RA","AAEL020258","Q0IFS2","aae-miR-34-5p",-19,541,560,145
"AAEL020258-RA","AAEL020258","A0A0P6K0Q3","aae-miR-34-5p",-19,541,560,145
"AAEL014627-RB","AAEL014627","Q16FV1","aae-miR-34-5p",-18.97,437,458,145
"AAEL014627-RB","AAEL014627","Q16IN2","aae-miR-34-5p",-18.97,437,458,145
"AAEL014627-RB","AAEL014627","A0A1S4FZW9","aae-miR-34-5p",-18.97,437,458,145
"AAEL013596-RB","AAEL013596","UPI000B77ADBF","aae-miR-34-5p",-18.59,2674,2696,145
"AAEL013596-RH","AAEL013596","UPI000B76E097","aae-miR-34-5p",-18.59,2674,2696,145
"AAEL013596-RK","AAEL013596","Q16IP4","aae-miR-34-5p",-18.59,2674,2696,145
"AAEL025983-RA","AAEL025983","Q16MG2","aae-miR-34-5p",-18.28,26,45,145
"AAEL025983-RA","AAEL025983","Q178S2","aae-miR-34-5p",-18.28,26,45,145
"AAEL013222-RA","AAEL013222","Q16JT9","aae-miR-34-5p",-17.64,1,15,145
"AAEL013222-RA","AAEL013222","A0A1S4FYV3","aae-miR-34-5p",-17.64,1,15,145
"AAEL006801-RA","AAEL006801","Q174T9","aae-miR-34-5p",-16.23,821,842,145
"AAEL007996-RA","AAEL007996","A0A1S4FI57","aae-miR-34-5p",-14.44,653,676,145
"AAEL007996-RC","AAEL007996","Q0IEU3","aae-miR-34-5p",-14.44,653,676,145
"AAEL019983-RA","AAEL019983","Q16EM3","aae-miR-34-5p",-26.98,153,177,144
"AAEL019983-RA","AAEL019983","Q0IEV0","aae-miR-34-5p",-26.98,153,177,144
"AAEL007441-RA","AAEL007441","Q1HRN7","aae-miR-34-5p",-25.66,26,46,144
"AAEL009515-RB","AAEL009515","UPI000B77BA20","aae-miR-34-5p",-24.59,1681,1700,144
"AAEL009515-RE","AAEL009515","A0A1S4FMJ3","aae-miR-34-5p",-24.59,1681,1700,144
"AAEL009515-RE","AAEL009515","A0A0P6IWH8","aae-miR-34-5p",-24.59,1681,1700,144
"AAEL009515-RE","AAEL009515","Q16VM1","aae-miR-34-5p",-24.59,1681,1700,144
"AAEL018124-RB","AAEL018124","UPI000B78E0C3","aae-miR-34-5p",-24.41,356,377,144
"AAEL018124-RE","AAEL018124","A0A1S4G7M9","aae-miR-34-5p",-24.41,356,377,144
"AAEL018124-RE","AAEL018124","Q174R8","aae-miR-34-5p",-24.41,356,377,144
"AAEL018124-RE","AAEL018124","Q174R9","aae-miR-34-5p",-24.41,356,377,144
"AAEL018124-RF","AAEL018124","UPI000B775C7F","aae-miR-34-5p",-24.41,356,377,144
"AAEL008528-RA","AAEL008528","Q16YG8","aae-miR-34-5p",-24.09,200,221,144
"AAEL008528-RA","AAEL008528","Q16YG7","aae-miR-34-5p",-24.09,200,221,144
"AAEL008528-RA","AAEL008528","A0A1S4FJR2","aae-miR-34-5p",-24.09,200,221,144
"AAEL008528-RB","AAEL008528","A0A1S4FJQ9","aae-miR-34-5p",-24.09,200,221,144
"AAEL008528-RC","AAEL008528","UPI000B794D06","aae-miR-34-5p",-24.09,200,221,144
"AAEL008528-RD","AAEL008528","Q16YG3","aae-miR-34-5p",-24.09,200,221,144
"AAEL008528-RD","AAEL008528","Q16YG5","aae-miR-34-5p",-24.09,200,221,144
"AAEL001680-RB","AAEL001680","Q17KI5","aae-miR-34-5p",-23.84,526,549,144
"AAEL005655-RB","AAEL005655","A0A1S4FB77","aae-miR-34-5p",-23.38,185,206,144
"AAEL005655-RB","AAEL005655","Q179F0","aae-miR-34-5p",-23.38,185,206,144
"AAEL005655-RB","AAEL005655","Q179E9","aae-miR-34-5p",-23.38,185,206,144
"AAEL008371-RF","AAEL008371","UPI000B7770B3","aae-miR-34-5p",-22.56,207,227,144
"AAEL017419-RA","AAEL017419","J9HTV7","aae-miR-34-5p",-22.32,3299,3320,144
"AAEL019604-RA","AAEL019604","Q16S95","aae-miR-34-5p",-22.11,724,744,144
"AAEL019604-RA","AAEL019604","Q16S94","aae-miR-34-5p",-22.11,724,744,144
"AAEL019604-RB","AAEL019604","UPI000B772A39","aae-miR-34-5p",-22.11,724,744,144
"AAEL001818-RB","AAEL001818","Q17K38","aae-miR-34-5p",-21.77,214,235,144
"AAEL001818-RB","AAEL001818","A0A1S4EZV1","aae-miR-34-5p",-21.77,214,235,144
"AAEL001818-RC","AAEL001818","UPI000B77BD9E","aae-miR-34-5p",-21.77,214,235,144
"AAEL021365-RA","AAEL021365","UPI0010A5A533","aae-miR-34-5p",-21.09,6826,6846,144
"AAEL002876-RB","AAEL002876","A0A1S4F315","aae-miR-34-5p",-20.43,1063,1084,144
"AAEL002876-RC","AAEL002876","UPI000B79615C","aae-miR-34-5p",-20.43,1063,1084,144
"AAEL002876-RI","AAEL002876","UPI000B78933C","aae-miR-34-5p",-20.43,1063,1084,144
"AAEL002876-RJ","AAEL002876","Q17GV3","aae-miR-34-5p",-20.43,1063,1084,144
"AAEL001776-RB","AAEL001776","UPI000B775F28","aae-miR-34-5p",-20.02,1431,1452,144
"AAEL001776-RC","AAEL001776","UPI000B773BC4","aae-miR-34-5p",-20.02,1431,1452,144
"AAEL001776-RD","AAEL001776","UPI0009363861","aae-miR-34-5p",-20.02,1431,1452,144
"AAEL001776-RE","AAEL001776","Q17K68","aae-miR-34-5p",-20.02,1431,1452,144
"AAEL001776-RF","AAEL001776","Q17K67","aae-miR-34-5p",-20.02,1431,1452,144
"AAEL019940-RA","AAEL019940","UPI000B78B02E","aae-miR-34-5p",-19.55,371,392,144
"AAEL019940-RB","AAEL019940","A0A1S4G749","aae-miR-34-5p",-19.55,371,392,144
"AAEL019940-RD","AAEL019940","Q17PW8","aae-miR-34-5p",-19.55,371,392,144
"AAEL019940-RD","AAEL019940","A0A0N8ERY9","aae-miR-34-5p",-19.55,371,392,144
"AAEL019940-RD","AAEL019940","Q17PX0","aae-miR-34-5p",-19.55,371,392,144
"AAEL010608-RB","AAEL010608","UPI000B7924B2","aae-miR-34-5p",-19.19,39,58,144
"AAEL010608-RC","AAEL010608","Q16PC8","aae-miR-34-5p",-19.19,39,58,144
"AAEL010608-RC","AAEL010608","Q16SE4","aae-miR-34-5p",-19.19,39,58,144
"AAEL006116-RB","AAEL006116","Q177J2","aae-miR-34-5p",-19.13,1065,1086,144
"AAEL006116-RB","AAEL006116","A0A0P6J635","aae-miR-34-5p",-19.13,1065,1086,144
"AAEL003373-RD","AAEL003373","UPI000B78B5A9","aae-miR-34-5p",-18.98,47,66,144
"AAEL019550-RA","AAEL019550","UPI000B77406A","aae-miR-34-5p",-18.95,286,308,144
"AAEL019550-RC","AAEL019550","UPI000B78F498","aae-miR-34-5p",-18.95,286,308,144
"AAEL019550-RF","AAEL019550","UPI000B7779A2","aae-miR-34-5p",-18.95,286,308,144
"AAEL019550-RG","AAEL019550","Q17L44","aae-miR-34-5p",-18.95,286,308,144
"AAEL019550-RI","AAEL019550","UPI000B794A2F","aae-miR-34-5p",-18.95,286,308,144
"AAEL019550-RK","AAEL019550","UPI000B78532E","aae-miR-34-5p",-18.95,286,308,144
"AAEL019550-RL","AAEL019550","UPI000B77E4DC","aae-miR-34-5p",-18.95,286,308,144
"AAEL009874-RB","AAEL009874","UPI000B77FBC5","aae-miR-34-5p",-18.61,182,203,144
"AAEL009874-RD","AAEL009874","A0A1S4FNT4","aae-miR-34-5p",-18.61,182,203,144
"AAEL009874-RD","AAEL009874","Q16UL1","aae-miR-34-5p",-18.61,182,203,144
"AAEL009874-RH","AAEL009874","UPI000B770176","aae-miR-34-5p",-18.61,182,203,144
"AAEL008684-RB","AAEL008684","Q16Y36","aae-miR-34-5p",-18.35,495,516,144
"AAEL023581-RA","AAEL023581","UPI000B772461","aae-miR-34-5p",-18.05,884,905,144
"AAEL020002-RA","AAEL020002","UPI00093725D8","aae-miR-34-5p",-17.9,568,589,144
"AAEL020002-RB","AAEL020002","UPI000B77787A","aae-miR-34-5p",-17.9,568,589,144
"AAEL020002-RC","AAEL020002","UPI0009365369","aae-miR-34-5p",-17.9,568,589,144
"AAEL020002-RD","AAEL020002","UPI0009361265","aae-miR-34-5p",-17.9,568,589,144
"AAEL020002-RE","AAEL020002","UPI000B79A5CA","aae-miR-34-5p",-17.9,568,589,144
"AAEL020002-RF","AAEL020002","Q179U2","aae-miR-34-5p",-17.9,568,589,144
"AAEL024421-RA","AAEL024421","UPI000B77D46E","aae-miR-34-5p",-17.7,138,159,144
"AAEL004999-RA","AAEL004999","Q17BD1","aae-miR-34-5p",-17.49,454,475,144
"AAEL004131-RA","AAEL004131","A0A1S4F6R7","aae-miR-34-5p",-17.09,1598,1619,144
"AAEL004131-RB","AAEL004131","Q17DK0","aae-miR-34-5p",-17.09,1598,1619,144
"AAEL000427-RA","AAEL000427","A0A1S4EVW1","aae-miR-34-5p",-15.98,504,525,144
"AAEL000427-RB","AAEL000427","UPI000B7882CC","aae-miR-34-5p",-15.98,504,525,144
"AAEL006450-RA","AAEL006450","Q176D2","aae-miR-34-5p",-15.22,322,343,144
"AAEL020073-RA","AAEL020073","UPI000B79AE62","aae-miR-34-5p",-15.05,1658,1679,144
"AAEL020073-RB","AAEL020073","A0A1S4FF96","aae-miR-34-5p",-15.05,1658,1679,144
"AAEL020073-RB","AAEL020073","Q174C4","aae-miR-34-5p",-15.05,1658,1679,144
"AAEL020073-RB","AAEL020073","Q16IY0","aae-miR-34-5p",-15.05,1658,1679,144
"AAEL012974-RA","AAEL012974","Q17PI9","aae-miR-34-5p",-29.7,72,95,143
"AAEL012974-RA","AAEL012974","Q0IE94","aae-miR-34-5p",-29.7,72,95,143
"AAEL006876-RA","AAEL006876","Q174K3","aae-miR-34-5p",-29.22,6381,6401,143
"AAEL006876-RB","AAEL006876","A0A0P6IX28","aae-miR-34-5p",-29.22,6381,6401,143
"AAEL006876-RC","AAEL006876","UPI000B799F2E","aae-miR-34-5p",-29.22,6381,6401,143
"AAEL006876-RD","AAEL006876","UPI000B76E69E","aae-miR-34-5p",-29.22,6381,6401,143
"AAEL006876-RE","AAEL006876","UPI000B784F68","aae-miR-34-5p",-29.22,6381,6401,143
"AAEL027925-RA","AAEL027925","UPI000B773478","aae-miR-34-5p",-29.22,6382,6402,143
"AAEL007019-RA","AAEL007019","Q173U8","aae-miR-34-5p",-26.85,543,569,143
"AAEL009092-RA","AAEL009092","Q16WU6","aae-miR-34-5p",-25.53,34,56,143
"AAEL009092-RA","AAEL009092","Q16WU5","aae-miR-34-5p",-25.53,34,56,143
"AAEL012640-RC","AAEL012640","A0A1S4FX71","aae-miR-34-5p",-24.93,37,59,143
"AAEL027034-RA","AAEL027034","UPI000B781BAB","aae-miR-34-5p",-23.49,183,206,143
"AAEL005581-RA","AAEL005581","Q179N7","aae-miR-34-5p",-23.47,68,89,143
"AAEL005581-RA","AAEL005581","A0A1S4FAZ9","aae-miR-34-5p",-23.47,68,89,143
"AAEL002813-RA","AAEL002813","A0A1S4F2T8","aae-miR-34-5p",-23.4,12,32,143
"AAEL002813-RA","AAEL002813","Q17H51","aae-miR-34-5p",-23.4,12,32,143
"AAEL014347-RA","AAEL014347","A0A1S4G219","aae-miR-34-5p",-23.32,205,230,143
"AAEL014347-RB","AAEL014347","Q16GK5","aae-miR-34-5p",-23.32,205,230,143
"AAEL022406-RA","AAEL022406","UPI000B77D988","aae-miR-34-5p",-23.31,1791,1812,143
"AAEL022979-RD","AAEL022979","UPI000B77AFCE","aae-miR-34-5p",-23.31,1798,1819,143
"AAEL022979-RE","AAEL022979","UPI000B76FC03","aae-miR-34-5p",-23.31,1798,1819,143
"AAEL022979-RL","AAEL022979","Q170K4","aae-miR-34-5p",-23.31,1798,1819,143
"AAEL022979-RN","AAEL022979","UPI000B787639","aae-miR-34-5p",-23.31,1798,1819,143
"AAEL027261-RA","AAEL027261","UPI000B77D38C","aae-miR-34-5p",-22.32,116,138,143
"AAEL027261-RB","AAEL027261","UPI000B790D53","aae-miR-34-5p",-22.32,116,138,143
"AAEL027261-RC","AAEL027261","UPI000B7903AF","aae-miR-34-5p",-22.32,116,138,143
"AAEL027261-RD","AAEL027261","UPI000B78B0BA","aae-miR-34-5p",-22.32,116,138,143
"AAEL027261-RE","AAEL027261","UPI000B785FA7","aae-miR-34-5p",-22.32,116,138,143
"AAEL027560-RA","AAEL027560","A0A0P6K0T2","aae-miR-34-5p",-22.13,1744,1764,143
"AAEL023895-RA","AAEL023895","UPI000B791CB6","aae-miR-34-5p",-22,276,298,143
"AAEL023895-RB","AAEL023895","UPI000B792F42","aae-miR-34-5p",-22,276,298,143
"AAEL023895-RC","AAEL023895","Q17C94","aae-miR-34-5p",-22,276,298,143
"AAEL023895-RD","AAEL023895","UPI000B791D97","aae-miR-34-5p",-22,276,298,143
"AAEL023895-RE","AAEL023895","UPI000B78E2FE","aae-miR-34-5p",-22,276,298,143
"AAEL023895-RF","AAEL023895","UPI000B772E99","aae-miR-34-5p",-22,276,298,143
"AAEL023895-RG","AAEL023895","Q17C93","aae-miR-34-5p",-22,276,298,143
"AAEL012272-RA","AAEL012272","Q16F16","aae-miR-34-5p",-21.87,184,207,143
"AAEL012272-RA","AAEL012272","Q16MK5","aae-miR-34-5p",-21.87,184,207,143
"AAEL012272-RA","AAEL012272","A0A1S4FVM5","aae-miR-34-5p",-21.87,184,207,143
"AAEL012272-RB","AAEL012272","Q16MK6","aae-miR-34-5p",-21.87,184,207,143
"AAEL012272-RB","AAEL012272","A0A1S4FVT6","aae-miR-34-5p",-21.87,184,207,143
"AAEL019862-RB","AAEL019862","UPI000B77F966","aae-miR-34-5p",-21.83,3394,3418,143
"AAEL023471-RA","AAEL023471","UPI000B79A03F","aae-miR-34-5p",-21.61,71,93,143
"AAEL018235-RB","AAEL018235","UPI000B77C011","aae-miR-34-5p",-21.08,2502,2523,143
"AAEL018235-RC","AAEL018235","Q17L66","aae-miR-34-5p",-21.08,2502,2523,143
"AAEL018235-RC","AAEL018235","A0A1S4G7B3","aae-miR-34-5p",-21.08,2502,2523,143
"AAEL018235-RC","AAEL018235","A0A0P6IVE7","aae-miR-34-5p",-21.08,2502,2523,143
"AAEL018235-RC","AAEL018235","Q17L67","aae-miR-34-5p",-21.08,2502,2523,143
"AAEL006234-RB","AAEL006234","UPI000B799DA2","aae-miR-34-5p",-21.03,281,302,143
"AAEL006234-RC","AAEL006234","Q176W7","aae-miR-34-5p",-21.03,348,369,143
"AAEL007465-RB","AAEL007465","A0A0P6IWS8","aae-miR-34-5p",-20.89,312,337,143
"AAEL007465-RB","AAEL007465","Q172A6","aae-miR-34-5p",-20.89,312,337,143
"AAEL007465-RC","AAEL007465","UPI000B794C9D","aae-miR-34-5p",-20.89,312,337,143
"AAEL007465-RD","AAEL007465","Q16M45","aae-miR-34-5p",-20.89,312,337,143
"AAEL010642-RB","AAEL010642","UPI000B783D54","aae-miR-34-5p",-20.65,475,497,143
"AAEL010941-RA","AAEL010941","Q16RK1","aae-miR-34-5p",-20.11,587,609,143
"AAEL010941-RB","AAEL010941","UPI000B78E78B","aae-miR-34-5p",-20.11,587,609,143
"AAEL000590-RA","AAEL000590","Q17NT7","aae-miR-34-5p",-20.1,183,204,143
"AAEL021276-RA","AAEL021276","Q1DGM2","aae-miR-34-5p",-19.71,196,220,143
"AAEL021276-RA","AAEL021276","Q16VM8","aae-miR-34-5p",-19.71,196,220,143
"AAEL021276-RA","AAEL021276","A0A1S4FMM9","aae-miR-34-5p",-19.71,196,220,143
"AAEL006043-RA","AAEL006043","Q177S5","aae-miR-34-5p",-19.63,358,379,143
"AAEL006043-RA","AAEL006043","A0A1S4FCG8","aae-miR-34-5p",-19.63,358,379,143
"AAEL006043-RA","AAEL006043","A0A0P6K0Q7","aae-miR-34-5p",-19.63,358,379,143
"AAEL006043-RB","AAEL006043","UPI000B7888D0","aae-miR-34-5p",-19.63,358,379,143
"AAEL001480-RA","AAEL001480","Q58I83","aae-miR-34-5p",-19.56,236,257,143
"AAEL001480-RA","AAEL001480","Q17L34","aae-miR-34-5p",-19.56,236,257,143
"AAEL001507-RA","AAEL001507","A0A1S4EYX8","aae-miR-34-5p",-19.42,192,213,143
"AAEL001507-RA","AAEL001507","Q17L03","aae-miR-34-5p",-19.42,192,213,143
"AAEL002137-RD","AAEL002137","Q17J16","aae-miR-34-5p",-19.26,200,223,143
"AAEL002137-RD","AAEL002137","Q17J17","aae-miR-34-5p",-19.26,200,223,143
"AAEL002137-RD","AAEL002137","Q17J15","aae-miR-34-5p",-19.26,200,223,143
"AAEL013905-RC","AAEL013905","Q16HT6","aae-miR-34-5p",-19.23,31,53,143
"AAEL013905-RC","AAEL013905","Q16HT5","aae-miR-34-5p",-19.23,31,53,143
"AAEL013905-RC","AAEL013905","A0A1S4G0V1","aae-miR-34-5p",-19.23,31,53,143
"AAEL013905-RC","AAEL013905","A0A1S4G0A2","aae-miR-34-5p",-19.23,31,53,143
"AAEL011287-RB","AAEL011287","A0A0P6ISX9","aae-miR-34-5p",-18.92,2586,2609,143
"AAEL002932-RB","AAEL002932","Q17GQ2","aae-miR-34-5p",-18.86,431,450,143
"AAEL022573-RA","AAEL022573","Q16WI3","aae-miR-34-5p",-18.85,2618,2639,143
"AAEL006341-RD","AAEL006341","Q176K7","aae-miR-34-5p",-18.77,112,132,143
"AAEL006341-RE","AAEL006341","UPI000B775BE2","aae-miR-34-5p",-18.77,166,186,143
"AAEL026220-RA","AAEL026220","UPI000B76BAC3","aae-miR-34-5p",-18.59,58,80,143
"AAEL026220-RF","AAEL026220","Q1DGR6","aae-miR-34-5p",-18.59,58,80,143
"AAEL026220-RF","AAEL026220","Q16QQ5","aae-miR-34-5p",-18.59,58,80,143
"AAEL005111-RB","AAEL005111","UPI000B79566C","aae-miR-34-5p",-18.55,1507,1529,143
"AAEL005111-RC","AAEL005111","A0A1S4F9K8","aae-miR-34-5p",-18.55,1507,1529,143
"AAEL005111-RC","AAEL005111","Q17B18","aae-miR-34-5p",-18.55,1507,1529,143
"AAEL010487-RA","AAEL010487","Q16SU9","aae-miR-34-5p",-18.31,129,151,143
"AAEL010487-RA","AAEL010487","Q16FD7","aae-miR-34-5p",-18.31,129,151,143
"AAEL024429-RA","AAEL024429","UPI000B76C01C","aae-miR-34-5p",-18.24,584,605,143
"AAEL012463-RB","AAEL012463","UPI000B78C5AE","aae-miR-34-5p",-18.14,3641,3662,143
"AAEL005662-RB","AAEL005662","Q179G0","aae-miR-34-5p",-18.02,626,648,143
"AAEL005662-RB","AAEL005662","A0A1S4FBA9","aae-miR-34-5p",-18.02,626,648,143
"AAEL005662-RC","AAEL005662","UPI000B794FA0","aae-miR-34-5p",-18.02,626,648,143
"AAEL000188-RA","AAEL000188","Q17Q14","aae-miR-34-5p",-17.91,1010,1031,143
"AAEL028211-RA","AAEL028211","Q17A34","aae-miR-34-5p",-17.69,79,100,143
"AAEL012676-RC","AAEL012676","Q16LC8","aae-miR-34-5p",-17.46,104,122,143
"AAEL012676-RC","AAEL012676","Q16LC7","aae-miR-34-5p",-17.46,104,122,143
"AAEL014231-RB","AAEL014231","Q16GX4","aae-miR-34-5p",-17.43,92,114,143
"AAEL014231-RB","AAEL014231","A0A1S4G1P1","aae-miR-34-5p",-17.43,92,114,143
"AAEL004854-RA","AAEL004854","Q0IFG8","aae-miR-34-5p",-17.34,167,188,143
"AAEL025006-RA","AAEL025006","UPI000B780828","aae-miR-34-5p",-17.28,651,672,143
"AAEL004407-RC","AAEL004407","Q17CW8","aae-miR-34-5p",-17.26,221,242,143
"AAEL004407-RC","AAEL004407","A0A1S4F7U0","aae-miR-34-5p",-17.26,221,242,143
"AAEL004407-RC","AAEL004407","Q17CW7","aae-miR-34-5p",-17.26,221,242,143
"AAEL001089-RA","AAEL001089","Q17MC3","aae-miR-34-5p",-17.23,56,78,143
"AAEL001089-RA","AAEL001089","A0A1S4EXR5","aae-miR-34-5p",-17.23,56,78,143
"AAEL022653-RB","AAEL022653","Q17P03","aae-miR-34-5p",-17.06,201,224,143
"AAEL028086-RA","AAEL028086","UPI000B7973C2","aae-miR-34-5p",-15.92,2306,2328,143
"AAEL019875-RA","AAEL019875","UPI000B76D0B3","aae-miR-34-5p",-15.72,516,535,143
"AAEL019875-RB","AAEL019875","Q16LC5","aae-miR-34-5p",-15.72,516,535,143
"AAEL019875-RB","AAEL019875","A0A0P6J136","aae-miR-34-5p",-15.72,516,535,143
"AAEL019875-RB","AAEL019875","Q176X6","aae-miR-34-5p",-15.72,516,535,143
"AAEL019875-RB","AAEL019875","Q16LC4","aae-miR-34-5p",-15.72,516,535,143
"AAEL021092-RA","AAEL021092","UPI000B7865BA","aae-miR-34-5p",-29.04,489,513,142
"AAEL021092-RB","AAEL021092","Q16K77","aae-miR-34-5p",-29.04,489,513,142
"AAEL021092-RB","AAEL021092","Q16R65","aae-miR-34-5p",-29.04,489,513,142
"AAEL021092-RI","AAEL021092","Q17BY7","aae-miR-34-5p",-29.04,489,513,142
"AAEL019844-RA","AAEL019844","Q170V1","aae-miR-34-5p",-28.66,650,670,142
"AAEL019844-RA","AAEL019844","Q16N83","aae-miR-34-5p",-28.66,650,670,142
"AAEL019844-RB","AAEL019844","UPI000B78CFE0","aae-miR-34-5p",-28.66,650,670,142
"AAEL001340-RA","AAEL001340","Q17LI9","aae-miR-34-5p",-27.93,69,91,142
"AAEL001340-RA","AAEL001340","A0A1S4EYH1","aae-miR-34-5p",-27.93,69,91,142
"AAEL001437-RB","AAEL001437","UPI000B771ADF","aae-miR-34-5p",-25.31,498,521,142
"AAEL001437-RC","AAEL001437","UPI000B795A59","aae-miR-34-5p",-25.31,498,521,142
"AAEL001437-RE","AAEL001437","UPI000B78940C","aae-miR-34-5p",-25.31,498,521,142
"AAEL001437-RF","AAEL001437","Q17LA6","aae-miR-34-5p",-25.31,498,521,142
"AAEL000276-RA","AAEL000276","Q17PN7","aae-miR-34-5p",-24.83,456,476,142
"AAEL000276-RA","AAEL000276","A0A1S4EVD4","aae-miR-34-5p",-24.83,456,476,142
"AAEL000276-RB","AAEL000276","UPI000B779227","aae-miR-34-5p",-24.83,456,476,142
"AAEL000276-RC","AAEL000276","UPI000B77A66D","aae-miR-34-5p",-24.83,456,476,142
"AAEL000276-RD","AAEL000276","UPI000B76CE63","aae-miR-34-5p",-24.83,456,476,142
"AAEL000242-RA","AAEL000242","A0A1S4EVA2","aae-miR-34-5p",-24.27,267,288,142
"AAEL000242-RB","AAEL000242","UPI000B792B55","aae-miR-34-5p",-24.27,277,298,142
"AAEL000242-RC","AAEL000242","UPI000B785947","aae-miR-34-5p",-24.27,277,298,142
"AAEL000242-RD","AAEL000242","Q17PT9","aae-miR-34-5p",-24.27,277,298,142
"AAEL000242-RF","AAEL000242","UPI000B77BE5D","aae-miR-34-5p",-24.27,277,298,142
"AAEL007420-RB","AAEL007420","Q1HRV7","aae-miR-34-5p",-24.11,569,592,142
"AAEL007420-RB","AAEL007420","A0A1S4FGH1","aae-miR-34-5p",-24.11,569,592,142
"AAEL007420-RB","AAEL007420","O76292","aae-miR-34-5p",-24.11,569,592,142
"AAEL001005-RA","AAEL001005","Q17MI1","aae-miR-34-5p",-23.86,530,550,142
"AAEL001005-RA","AAEL001005","Q8T9U3","aae-miR-34-5p",-23.86,530,550,142
"AAEL001005-RA","AAEL001005","Q16P38","aae-miR-34-5p",-23.86,530,550,142
"AAEL001005-RA","AAEL001005","A0A1S4EXL5","aae-miR-34-5p",-23.86,530,550,142
"AAEL020233-RA","AAEL020233","UPI000B782F0A","aae-miR-34-5p",-22.21,126,147,142
"AAEL020233-RI","AAEL020233","Q173D8","aae-miR-34-5p",-22.21,126,147,142
"AAEL008517-RA","AAEL008517","J9HFE1","aae-miR-34-5p",-22.14,7,30,142
"AAEL008517-RA","AAEL008517","Q16YK5","aae-miR-34-5p",-22.14,7,30,142
"AAEL006447-RB","AAEL006447","Q176B9","aae-miR-34-5p",-22.13,6438,6459,142
"AAEL006447-RB","AAEL006447","Q5IFI9","aae-miR-34-5p",-22.13,6438,6459,142
"AAEL006447-RB","AAEL006447","Q5IFI8","aae-miR-34-5p",-22.13,6438,6459,142
"AAEL006447-RC","AAEL006447","UPI000B7806CA","aae-miR-34-5p",-22.13,6438,6459,142
"AAEL008248-RA","AAEL008248","A0A1S4FJ71","aae-miR-34-5p",-21.84,19,39,142
"AAEL008248-RA","AAEL008248","Q16ZB6","aae-miR-34-5p",-21.84,19,39,142
"AAEL003564-RA","AAEL003564","Q17F44","aae-miR-34-5p",-21.83,57,79,142
"AAEL024732-RA","AAEL024732","Q16TV9","aae-miR-34-5p",-21.83,902,922,142
"AAEL024732-RB","AAEL024732","UPI000B776B86","aae-miR-34-5p",-21.83,902,922,142
"AAEL024732-RC","AAEL024732","UPI000B7837C1","aae-miR-34-5p",-21.83,902,922,142
"AAEL024732-RD","AAEL024732","UPI000B77C0F4","aae-miR-34-5p",-21.83,902,922,142
"AAEL007452-RA","AAEL007452","Q172D9","aae-miR-34-5p",-21.72,693,713,142
"AAEL007452-RB","AAEL007452","UPI000B77C497","aae-miR-34-5p",-21.72,693,713,142
"AAEL007452-RF","AAEL007452","UPI000B76E58F","aae-miR-34-5p",-21.72,693,713,142
"AAEL007452-RG","AAEL007452","UPI000B76C3AA","aae-miR-34-5p",-21.72,693,713,142
"AAEL007452-RH","AAEL007452","UPI000B776277","aae-miR-34-5p",-21.72,693,713,142
"AAEL007452-RI","AAEL007452","UPI000B76CFD2","aae-miR-34-5p",-21.72,693,713,142
"AAEL007452-RJ","AAEL007452","UPI000B789327","aae-miR-34-5p",-21.72,693,713,142
"AAEL007452-RK","AAEL007452","UPI000B780D89","aae-miR-34-5p",-21.72,693,713,142
"AAEL007452-RL","AAEL007452","UPI000B7841BF","aae-miR-34-5p",-21.72,693,713,142
"AAEL019794-RA","AAEL019794","UPI000B79728B","aae-miR-34-5p",-21.45,2372,2392,142
"AAEL019794-RC","AAEL019794","Q17AG5","aae-miR-34-5p",-21.45,2372,2392,142
"AAEL019794-RC","AAEL019794","Q16ND4","aae-miR-34-5p",-21.45,2372,2392,142
"AAEL010061-RA","AAEL010061","Q16U10","aae-miR-34-5p",-21.2,871,891,142
"AAEL010061-RA","AAEL010061","A0A1S4FPJ9","aae-miR-34-5p",-21.2,871,891,142
"AAEL010061-RD","AAEL010061","UPI000B76F464","aae-miR-34-5p",-21.2,871,891,142
"AAEL005160-RB","AAEL005160","Q17AX2","aae-miR-34-5p",-21.19,562,586,142
"AAEL005160-RC","AAEL005160","UPI000B78F2CF","aae-miR-34-5p",-21.19,562,586,142
"AAEL024184-RA","AAEL024184","A0A1S4FQK8","aae-miR-34-5p",-20.93,132,152,142
"AAEL024184-RA","AAEL024184","Q16SL7","aae-miR-34-5p",-20.93,132,152,142
"AAEL003861-RA","AAEL003861","Q17EB3","aae-miR-34-5p",-20.76,2980,3003,142
"AAEL003861-RB","AAEL003861","UPI000B78C851","aae-miR-34-5p",-20.76,2980,3003,142
"AAEL003861-RC","AAEL003861","Q16I15","aae-miR-34-5p",-20.76,2980,3003,142
"AAEL003861-RF","AAEL003861","UPI000B77C03A","aae-miR-34-5p",-20.76,2980,3003,142
"AAEL003861-RG","AAEL003861","UPI000B79267E","aae-miR-34-5p",-20.76,2980,3003,142
"AAEL001116-RB","AAEL001116","A0A1S4EXU7","aae-miR-34-5p",-20.73,2966,2986,142
"AAEL001116-RB","AAEL001116","Q17M41","aae-miR-34-5p",-20.73,2966,2986,142
"AAEL002938-RA","AAEL002938","Q17GP3","aae-miR-34-5p",-20.61,709,732,142
"AAEL025774-RA","AAEL025774","UPI000B78BB96","aae-miR-34-5p",-20.61,709,732,142
"AAEL004478-RB","AAEL004478","Q17CP5","aae-miR-34-5p",-20.44,1,24,142
"AAEL004478-RB","AAEL004478","Q17CP4","aae-miR-34-5p",-20.44,1,24,142
"AAEL010145-RC","AAEL010145","J9EAN8","aae-miR-34-5p",-20.44,594,615,142
"AAEL010145-RD","AAEL010145","Q16TR9","aae-miR-34-5p",-20.44,594,615,142
"AAEL013684-RA","AAEL013684","A0A1S4G041","aae-miR-34-5p",-20.35,1536,1561,142
"AAEL013684-RB","AAEL013684","UPI000B76D68D","aae-miR-34-5p",-20.35,1536,1561,142
"AAEL013684-RC","AAEL013684","UPI000B77F8FC","aae-miR-34-5p",-20.35,1536,1561,142
"AAEL013684-RF","AAEL013684","Q16IG3","aae-miR-34-5p",-20.35,1536,1561,142
"AAEL004351-RD","AAEL004351","UPI000B77991F","aae-miR-34-5p",-20.13,705,727,142
"AAEL004351-RE","AAEL004351","UPI000B78FCD3","aae-miR-34-5p",-20.13,705,727,142
"AAEL004351-RF","AAEL004351","UPI000B78BF29","aae-miR-34-5p",-20.13,705,727,142
"AAEL004351-RG","AAEL004351","UPI000B783602","aae-miR-34-5p",-20.13,705,727,142
"AAEL004351-RI","AAEL004351","Q17D24","aae-miR-34-5p",-20.13,705,727,142
"AAEL004351-RI","AAEL004351","Q17D26","aae-miR-34-5p",-20.13,705,727,142
"AAEL004351-RI","AAEL004351","Q17D25","aae-miR-34-5p",-20.13,705,727,142
"AAEL004351-RJ","AAEL004351","UPI000B780224","aae-miR-34-5p",-20.13,705,727,142
"AAEL004351-RK","AAEL004351","UPI000B788F83","aae-miR-34-5p",-20.13,705,727,142
"AAEL011989-RB","AAEL011989","Q16NF2","aae-miR-34-5p",-19.51,382,402,142
"AAEL005736-RA","AAEL005736","Q178Y7","aae-miR-34-5p",-19.3,403,427,142
"AAEL005736-RA","AAEL005736","Q178Y9","aae-miR-34-5p",-19.3,403,427,142
"AAEL025655-RA","AAEL025655","UPI000B78AFC7","aae-miR-34-5p",-19.28,228,249,142
"AAEL019989-RA","AAEL019989","UPI000B796BB4","aae-miR-34-5p",-19,64,88,142
"AAEL019989-RB","AAEL019989","A0A1S4FXX4","aae-miR-34-5p",-19,64,88,142
"AAEL019989-RB","AAEL019989","J9HGA7","aae-miR-34-5p",-19,64,88,142
"AAEL019989-RB","AAEL019989","Q16RK5","aae-miR-34-5p",-19,64,88,142
"AAEL019989-RC","AAEL019989","Q16KS2","aae-miR-34-5p",-19,64,88,142
"AAEL019989-RC","AAEL019989","Q16KS1","aae-miR-34-5p",-19,64,88,142
"AAEL021261-RA","AAEL021261","Q0IEC5","aae-miR-34-5p",-18.61,85,107,142
"AAEL021261-RB","AAEL021261","UPI000B77A45E","aae-miR-34-5p",-18.61,85,107,142
"AAEL011621-RA","AAEL011621","Q16PK8","aae-miR-34-5p",-17.98,177,200,142
"AAEL011621-RA","AAEL011621","A0A1S4FTR7","aae-miR-34-5p",-17.98,177,200,142
"AAEL018151-RA","AAEL018151","Q17MK4","aae-miR-34-5p",-17.81,69,91,142
"AAEL018151-RA","AAEL018151","A0A1S4G6Y0","aae-miR-34-5p",-17.81,69,91,142
"AAEL018151-RA","AAEL018151","Q17MK5","aae-miR-34-5p",-17.81,69,91,142
"AAEL009057-RA","AAEL009057","Q16WX3","aae-miR-34-5p",-17.09,267,287,142
"AAEL022698-RA","AAEL022698","A0A1S4G5W0","aae-miR-34-5p",-17.06,232,253,142
"AAEL004592-RA","AAEL004592","A0A1S4F874","aae-miR-34-5p",-16.49,231,251,142
"AAEL004592-RA","AAEL004592","Q17CE8","aae-miR-34-5p",-16.49,231,251,142
"AAEL000921-RA","AAEL000921","A0A1S4EX85","aae-miR-34-5p",-15.84,116,137,142
"AAEL029008-RB","AAEL029008","Q17GE3","aae-miR-34-5p",-15.83,119,141,142
"AAEL013757-RA","AAEL013757","A0A1S4FZY0","aae-miR-34-5p",-14.06,129,150,142
"AAEL013757-RA","AAEL013757","Q16I87","aae-miR-34-5p",-14.06,129,150,142
"AAEL013687-RB","AAEL013687","Q16IF7","aae-miR-34-5p",-30.78,68,87,141
"AAEL003109-RA","AAEL003109","Q17GF2","aae-miR-34-5p",-27.76,1100,1119,141
"AAEL003109-RC","AAEL003109","Q1HQP2","aae-miR-34-5p",-27.76,1100,1119,141
"AAEL007959-RA","AAEL007959","Q170D7","aae-miR-34-5p",-26.22,12,37,141
"AAEL000729-RB","AAEL000729","UPI000936B5A9","aae-miR-34-5p",-26.18,3579,3602,141
"AAEL000729-RC","AAEL000729","UPI000935BB23","aae-miR-34-5p",-26.18,3579,3602,141
"AAEL000729-RD","AAEL000729","UPI0009356956","aae-miR-34-5p",-26.18,3579,3602,141
"AAEL000729-RE","AAEL000729","UPI000B78DFC1","aae-miR-34-5p",-26.18,3579,3602,141
"AAEL000729-RF","AAEL000729","Q17NC1","aae-miR-34-5p",-26.18,3579,3602,141
"AAEL010373-RA","AAEL010373","A0A1S4FQ25","aae-miR-34-5p",-24.94,921,940,141
"AAEL010373-RB","AAEL010373","Q16T51","aae-miR-34-5p",-24.94,921,940,141
"AAEL002220-RB","AAEL002220","Q17J06","aae-miR-34-5p",-24.86,17,37,141
"AAEL002220-RB","AAEL002220","Q17J05","aae-miR-34-5p",-24.86,17,37,141
"AAEL025353-RA","AAEL025353","Q172J7","aae-miR-34-5p",-24.47,291,313,141
"AAEL025353-RA","AAEL025353","Q16KH2","aae-miR-34-5p",-24.47,291,313,141
"AAEL025353-RB","AAEL025353","UPI000B76FFF0","aae-miR-34-5p",-24.47,291,313,141
"AAEL008948-RA","AAEL008948","A0A1S4FKX5","aae-miR-34-5p",-23.94,681,700,141
"AAEL023600-RA","AAEL023600","Q16XT5","aae-miR-34-5p",-22.92,137,161,141
"AAEL023600-RB","AAEL023600","UPI000B785DB3","aae-miR-34-5p",-22.92,137,161,141
"AAEL014557-RA","AAEL014557","Q16G14","aae-miR-34-5p",-22.66,786,805,141
"AAEL014557-RB","AAEL014557","UPI000B7720AC","aae-miR-34-5p",-22.66,786,805,141
"AAEL000053-RA","AAEL000053","Q0C7A8","aae-miR-34-5p",-21.92,941,962,141
"AAEL000247-RB","AAEL000247","UPI000B78D1E5","aae-miR-34-5p",-21.92,25,44,141
"AAEL001798-RA","AAEL001798","Q17K23","aae-miR-34-5p",-21.91,2927,2947,141
"AAEL001798-RB","AAEL001798","Q17K22","aae-miR-34-5p",-21.91,2927,2947,141
"AAEL000542-RB","AAEL000542","UPI000B771294","aae-miR-34-5p",-21.88,1,23,141
"AAEL002451-RB","AAEL002451","Q17I67","aae-miR-34-5p",-21.38,602,624,141
"AAEL015593-RB","AAEL015593","UPI000B76CA2B","aae-miR-34-5p",-21.26,744,765,141
"AAEL015593-RC","AAEL015593","UPI000B7829D7","aae-miR-34-5p",-21.26,539,560,141
"AAEL015593-RD","AAEL015593","UPI000B78DF47","aae-miR-34-5p",-21.26,539,560,141
"AAEL015593-RE","AAEL015593","UPI000B7947ED","aae-miR-34-5p",-21.26,539,560,141
"AAEL015593-RG","AAEL015593","UPI000B77D505","aae-miR-34-5p",-21.26,744,765,141
"AAEL015593-RH","AAEL015593","UPI000B772A66","aae-miR-34-5p",-21.26,539,560,141
"AAEL015593-RI","AAEL015593","Q16LQ3","aae-miR-34-5p",-21.26,539,560,141
"AAEL015593-RI","AAEL015593","Q1DGK7","aae-miR-34-5p",-21.26,539,560,141
"AAEL015593-RK","AAEL015593","UPI000B795883","aae-miR-34-5p",-21.26,744,765,141
"AAEL015593-RL","AAEL015593","UPI000B778F20","aae-miR-34-5p",-21.26,744,765,141
"AAEL001819-RA","AAEL001819","Q17K58","aae-miR-34-5p",-21.24,21,43,141
"AAEL001819-RB","AAEL001819","A0A1S4F022","aae-miR-34-5p",-21.24,21,43,141
"AAEL012057-RB","AAEL012057","A0A0P6K0V3","aae-miR-34-5p",-21.06,1206,1225,141
"AAEL012057-RC","AAEL012057","Q16N85","aae-miR-34-5p",-21.06,1263,1282,141
"AAEL012057-RC","AAEL012057","A0A1S4FVC1","aae-miR-34-5p",-21.06,1263,1282,141
"AAEL012057-RD","AAEL012057","UPI000B784704","aae-miR-34-5p",-21.06,1263,1282,141
"AAEL019914-RD","AAEL019914","Q175M4","aae-miR-34-5p",-21,61,80,141
"AAEL019914-RE","AAEL019914","Q175M5","aae-miR-34-5p",-21,61,80,141
"AAEL002169-RB","AAEL002169","Q17J27","aae-miR-34-5p",-20.95,141,161,141
"AAEL002169-RB","AAEL002169","Q17J25","aae-miR-34-5p",-20.95,141,161,141
"AAEL002169-RB","AAEL002169","Q17J24","aae-miR-34-5p",-20.95,141,161,141
"AAEL002169-RB","AAEL002169","Q17J26","aae-miR-34-5p",-20.95,141,161,141
"AAEL010262-RB","AAEL010262","Q16TD8","aae-miR-34-5p",-20.76,1021,1042,141
"AAEL010262-RC","AAEL010262","UPI000B799125","aae-miR-34-5p",-20.76,1021,1042,141
"AAEL027384-RA","AAEL027384","Q16YP2","aae-miR-34-5p",-19.57,1585,1609,141
"AAEL027384-RA","AAEL027384","A0A0N8ERZ3","aae-miR-34-5p",-19.57,1585,1609,141
"AAEL027384-RA","AAEL027384","A0A1S4FJJ5","aae-miR-34-5p",-19.57,1585,1609,141
"AAEL019682-RA","AAEL019682","UPI000B77C5ED","aae-miR-34-5p",-19.52,6100,6119,141
"AAEL019682-RB","AAEL019682","UPI000B779EFD","aae-miR-34-5p",-19.52,6100,6119,141
"AAEL019682-RD","AAEL019682","UPI000B772326","aae-miR-34-5p",-19.52,6100,6119,141
"AAEL019682-RF","AAEL019682","Q17KY4","aae-miR-34-5p",-19.52,6100,6119,141
"AAEL019682-RG","AAEL019682","UPI000B77A760","aae-miR-34-5p",-19.52,6100,6119,141
"AAEL019682-RI","AAEL019682","UPI000B7809CD","aae-miR-34-5p",-19.52,6100,6119,141
"AAEL019682-RJ","AAEL019682","Q17KY5","aae-miR-34-5p",-19.52,6100,6119,141
"AAEL019682-RL","AAEL019682","UPI000B793A2A","aae-miR-34-5p",-19.52,6100,6119,141
"AAEL019682-RM","AAEL019682","UPI000B776733","aae-miR-34-5p",-19.52,6100,6119,141
"AAEL006514-RB","AAEL006514","UPI000B78B3E4","aae-miR-34-5p",-19.26,595,615,141
"AAEL006514-RC","AAEL006514","UPI000B773DA4","aae-miR-34-5p",-19.26,595,615,141
"AAEL006514-RF","AAEL006514","Q0IF62","aae-miR-34-5p",-19.26,595,615,141
"AAEL024199-RA","AAEL024199","UPI000B77BF1C","aae-miR-34-5p",-18.98,43,65,141
"AAEL005528-RB","AAEL005528","UPI000B76E811","aae-miR-34-5p",-18.87,831,852,141
"AAEL026634-RB","AAEL026634","UPI000B77304E","aae-miR-34-5p",-18.87,827,848,141
"AAEL010545-RA","AAEL010545","Q16SN1","aae-miR-34-5p",-18.78,104,125,141
"AAEL010545-RA","AAEL010545","A0A1S4FR12","aae-miR-34-5p",-18.78,104,125,141
"AAEL010545-RA","AAEL010545","Q17G05","aae-miR-34-5p",-18.78,104,125,141
"AAEL010545-RB","AAEL010545","UPI000B78AFA1","aae-miR-34-5p",-18.78,104,125,141
"AAEL010545-RC","AAEL010545","Q17G04","aae-miR-34-5p",-18.78,104,125,141
"AAEL002351-RB","AAEL002351","UPI000B791FC4","aae-miR-34-5p",-18.56,860,883,141
"AAEL021510-RA","AAEL021510","UPI000B777C8A","aae-miR-34-5p",-18.54,138,159,141
"AAEL021510-RB","AAEL021510","A0A0P6J5A6","aae-miR-34-5p",-18.54,138,159,141
"AAEL021510-RB","AAEL021510","Q16XG1","aae-miR-34-5p",-18.54,138,159,141
"AAEL028228-RA","AAEL028228","Q173I1","aae-miR-34-5p",-18.33,420,441,141
"AAEL026764-RA","AAEL026764","UPI000B786F9F","aae-miR-34-5p",-18.32,540,561,141
"AAEL026764-RB","AAEL026764","UPI000B78AD28","aae-miR-34-5p",-18.32,540,561,141
"AAEL017368-RA","AAEL017368","J9HT92","aae-miR-34-5p",-18.24,142,165,141
"AAEL017368-RB","AAEL017368","UPI000B7799D4","aae-miR-34-5p",-18.24,142,165,141
"AAEL017368-RC","AAEL017368","UPI000B79586F","aae-miR-34-5p",-18.24,142,165,141
"AAEL012497-RB","AAEL012497","Q16LW6","aae-miR-34-5p",-18.1,5,28,141
"AAEL012929-RA","AAEL012929","UPI0000DAB543","aae-miR-34-5p",-18.07,1059,1079,141
"AAEL012929-RB","AAEL012929","UPI000B790321","aae-miR-34-5p",-18.07,1059,1079,141
"AAEL005386-RB","AAEL005386","UPI000B777710","aae-miR-34-5p",-17.63,356,376,141
"AAEL005386-RC","AAEL005386","Q17A79","aae-miR-34-5p",-17.63,356,376,141
"AAEL005386-RC","AAEL005386","Q17A80","aae-miR-34-5p",-17.63,356,376,141
"AAEL024751-RA","AAEL024751","UPI000B77E69B","aae-miR-34-5p",-17.63,354,374,141
"AAEL007293-RD","AAEL007293","Q1HQW4","aae-miR-34-5p",-17.45,13,34,141
"AAEL006993-RN","AAEL006993","UPI000B790A7A","aae-miR-34-5p",-17.29,1813,1834,141
"AAEL017258-RA","AAEL017258","Q1HRR1","aae-miR-34-5p",-16.83,1393,1415,141
"AAEL017258-RA","AAEL017258","J9HS29","aae-miR-34-5p",-16.83,1393,1415,141
"AAEL017258-RB","AAEL017258","UPI000B77F004","aae-miR-34-5p",-16.83,1393,1415,141
"AAEL019874-RA","AAEL019874","Q16MZ9","aae-miR-34-5p",-16.68,687,708,141
"AAEL019874-RA","AAEL019874","A0A1S4FVD7","aae-miR-34-5p",-16.68,687,708,141
"AAEL009377-RA","AAEL009377","Q16W03","aae-miR-34-5p",-26.39,2048,2070,140
"AAEL023810-RA","AAEL023810","A0A1S4G017","aae-miR-34-5p",-23.54,33,54,140
"AAEL023810-RA","AAEL023810","Q16IN4","aae-miR-34-5p",-23.54,33,54,140
"AAEL020488-RA","AAEL020488","Q17E15","aae-miR-34-5p",-23.27,170,193,140
"AAEL020488-RA","AAEL020488","Q16HG5","aae-miR-34-5p",-23.27,170,193,140
"AAEL020488-RB","AAEL020488","UPI000B77AA48","aae-miR-34-5p",-23.27,170,193,140
"AAEL020488-RC","AAEL020488","UPI000B798B44","aae-miR-34-5p",-23.27,170,193,140
"AAEL020488-RD","AAEL020488","UPI000B7706AF","aae-miR-34-5p",-23.27,170,193,140
"AAEL020488-RE","AAEL020488","UPI000937E4E8","aae-miR-34-5p",-23.27,170,193,140
"AAEL020488-RF","AAEL020488","UPI000B774F9D","aae-miR-34-5p",-23.27,170,193,140
"AAEL010835-RB","AAEL010835","UPI000B76B9E5","aae-miR-34-5p",-22.6,1726,1747,140
"AAEL010835-RC","AAEL010835","A0A0P6ITG8","aae-miR-34-5p",-22.6,1726,1747,140
"AAEL010835-RC","AAEL010835","Q16RU6","aae-miR-34-5p",-22.6,1726,1747,140
"AAEL010835-RD","AAEL010835","UPI000B77D05C","aae-miR-34-5p",-22.6,1726,1747,140
"AAEL002967-RA","AAEL002967","Q17GK3","aae-miR-34-5p",-22.43,103,127,140
"AAEL007353-RB","AAEL007353","Q172K9","aae-miR-34-5p",-22.43,203,224,140
"AAEL025460-RA","AAEL025460","UPI000B76E340","aae-miR-34-5p",-22.34,149,171,140
"AAEL025460-RB","AAEL025460","A0A1S4FC61","aae-miR-34-5p",-22.34,149,171,140
"AAEL025460-RB","AAEL025460","Q178E9","aae-miR-34-5p",-22.34,149,171,140
"AAEL025460-RB","AAEL025460","A0A0P6IW43","aae-miR-34-5p",-22.34,149,171,140
"AAEL023169-RA","AAEL023169","Q172L3","aae-miR-34-5p",-21.73,1219,1242,140
"AAEL023169-RB","AAEL023169","Q172L4","aae-miR-34-5p",-21.73,1219,1242,140
"AAEL023169-RB","AAEL023169","Q16LX7","aae-miR-34-5p",-21.73,1219,1242,140
"AAEL027511-RA","AAEL027511","UPI000B7861A4","aae-miR-34-5p",-21.66,33,54,140
"AAEL004088-RG","AAEL004088","Q17DM4","aae-miR-34-5p",-21.6,107,128,140
"AAEL004088-RH","AAEL004088","Q17DM5","aae-miR-34-5p",-21.6,26,47,140
"AAEL007374-RA","AAEL007374","Q172J0","aae-miR-34-5p",-21.43,485,505,140
"AAEL007374-RA","AAEL007374","A0A1S4FGJ8","aae-miR-34-5p",-21.43,485,505,140
"AAEL009240-RA","AAEL009240","Q16WF1","aae-miR-34-5p",-21.25,490,513,140
"AAEL004715-RA","AAEL004715","Q17C29","aae-miR-34-5p",-21.2,9731,9750,140
"AAEL008722-RB","AAEL008722","Q16XY9","aae-miR-34-5p",-20.92,2646,2667,140
"AAEL022689-RA","AAEL022689","UPI000B7754CE","aae-miR-34-5p",-20.92,1545,1567,140
"AAEL022689-RB","AAEL022689","UPI000B796E37","aae-miR-34-5p",-20.92,1545,1567,140
"AAEL022689-RC","AAEL022689","Q17EP1","aae-miR-34-5p",-20.92,1545,1567,140
"AAEL022689-RD","AAEL022689","UPI000B7811F9","aae-miR-34-5p",-20.92,1545,1567,140
"AAEL022689-RE","AAEL022689","Q16LB3","aae-miR-34-5p",-20.92,1545,1567,140
"AAEL022689-RE","AAEL022689","A0A1S4F5P4","aae-miR-34-5p",-20.92,1545,1567,140
"AAEL027169-RB","AAEL027169","UPI000B7837F3","aae-miR-34-5p",-20.85,225,245,140
"AAEL027169-RC","AAEL027169","UPI000B7979E6","aae-miR-34-5p",-20.85,225,245,140
"AAEL027583-RB","AAEL027583","Q177H3","aae-miR-34-5p",-20.85,225,245,140
"AAEL027583-RC","AAEL027583","A0A0P6IU32","aae-miR-34-5p",-20.85,225,245,140
"AAEL027583-RC","AAEL027583","Q177H4","aae-miR-34-5p",-20.85,225,245,140
"AAEL003001-RA","AAEL003001","Q17GJ0","aae-miR-34-5p",-20.84,44,67,140
"AAEL011006-RB","AAEL011006","UPI000B7894C8","aae-miR-34-5p",-20.57,40,60,140
"AAEL011006-RD","AAEL011006","UPI000B7998BB","aae-miR-34-5p",-20.57,40,60,140
"AAEL010892-RA","AAEL010892","Q16RN4","aae-miR-34-5p",-20.51,503,525,140
"AAEL010892-RA","AAEL010892","A0A1S4FRK8","aae-miR-34-5p",-20.51,503,525,140
"AAEL016992-RC","AAEL016992","Q0IF14","aae-miR-34-5p",-20.37,1368,1389,140
"AAEL016992-RC","AAEL016992","A0A0P6IU09","aae-miR-34-5p",-20.37,1368,1389,140
"AAEL010716-RA","AAEL010716","Q16S36","aae-miR-34-5p",-20.19,304,325,140
"AAEL009786-RA","AAEL009786","A0A1S4FNR6","aae-miR-34-5p",-20.04,669,690,140
"AAEL009786-RA","AAEL009786","Q16UU9","aae-miR-34-5p",-20.04,669,690,140
"AAEL003407-RA","AAEL003407","A0A1S4F4I9","aae-miR-34-5p",-20.03,24,45,140
"AAEL003407-RD","AAEL003407","Q17FE9","aae-miR-34-5p",-20.03,24,45,140
"AAEL003407-RD","AAEL003407","Q17FE8","aae-miR-34-5p",-20.03,24,45,140
"AAEL006264-RA","AAEL006264","Q176S8","aae-miR-34-5p",-19.95,143,164,140
"AAEL006264-RC","AAEL006264","UPI000B781D50","aae-miR-34-5p",-19.95,143,164,140
"AAEL020264-RA","AAEL020264","UPI000B77BDD5","aae-miR-34-5p",-19.93,602,623,140
"AAEL020264-RB","AAEL020264","UPI000B7945F3","aae-miR-34-5p",-19.93,602,623,140
"AAEL020264-RC","AAEL020264","UPI000B789BBC","aae-miR-34-5p",-19.93,602,623,140
"AAEL020264-RD","AAEL020264","UPI000B796349","aae-miR-34-5p",-19.93,602,623,140
"AAEL020264-RE","AAEL020264","Q17L79","aae-miR-34-5p",-19.93,602,623,140
"AAEL020264-RE","AAEL020264","A0A1S4EYV5","aae-miR-34-5p",-19.93,602,623,140
"AAEL017004-RB","AAEL017004","J9HYY6","aae-miR-34-5p",-19.9,228,249,140
"AAEL006283-RA","AAEL006283","Q176T8","aae-miR-34-5p",-19.89,200,221,140
"AAEL006283-RA","AAEL006283","A0A1S4FD34","aae-miR-34-5p",-19.89,200,221,140
"AAEL006283-RD","AAEL006283","UPI0000DA9C19","aae-miR-34-5p",-19.89,200,221,140
"AAEL004041-RB","AAEL004041","UPI000B776A7B","aae-miR-34-5p",-19.79,574,595,140
"AAEL004041-RD","AAEL004041","A0A0P6K119","aae-miR-34-5p",-19.79,574,595,140
"AAEL004041-RD","AAEL004041","Q17DW6","aae-miR-34-5p",-19.79,574,595,140
"AAEL001449-RB","AAEL001449","UPI000B77F896","aae-miR-34-5p",-19.76,163,186,140
"AAEL008368-RA","AAEL008368","Q16Z13","aae-miR-34-5p",-19.73,24,45,140
"AAEL008368-RA","AAEL008368","A0A1S4EYD6","aae-miR-34-5p",-19.73,24,45,140
"AAEL008368-RA","AAEL008368","Q17LM6","aae-miR-34-5p",-19.73,24,45,140
"AAEL014277-RA","AAEL014277","Q16GS7","aae-miR-34-5p",-19.57,20,41,140
"AAEL014277-RA","AAEL014277","A0A1S4G1X1","aae-miR-34-5p",-19.57,20,41,140
"AAEL009317-RA","AAEL009317","Q1HQR4","aae-miR-34-5p",-19.43,817,839,140
"AAEL006154-RA","AAEL006154","Q177F7","aae-miR-34-5p",-19.28,228,250,140
"AAEL006154-RA","AAEL006154","A0A1S4FCX3","aae-miR-34-5p",-19.28,228,250,140
"AAEL009269-RB","AAEL009269","UPI000B77A8E2","aae-miR-34-5p",-19.09,473,494,140
"AAEL009269-RC","AAEL009269","A0A0P6ISD2","aae-miR-34-5p",-19.09,473,494,140
"AAEL009269-RC","AAEL009269","A0A1S4FLV2","aae-miR-34-5p",-19.09,473,494,140
"AAEL009269-RC","AAEL009269","Q16WD7","aae-miR-34-5p",-19.09,473,494,140
"AAEL009658-RF","AAEL009658","Q16V79","aae-miR-34-5p",-18.58,109,130,140
"AAEL026737-RA","AAEL026737","A0A1S4FJL5","aae-miR-34-5p",-18.53,416,437,140
"AAEL026737-RA","AAEL026737","Q16YP7","aae-miR-34-5p",-18.53,416,437,140
"AAEL010334-RA","AAEL010334","Q16T87","aae-miR-34-5p",-18.48,765,786,140
"AAEL005130-RB","AAEL005130","UPI000B787E30","aae-miR-34-5p",-18.43,3067,3088,140
"AAEL005130-RD","AAEL005130","Q17AZ2","aae-miR-34-5p",-18.43,3067,3088,140
"AAEL000486-RA","AAEL000486","Q17P26","aae-miR-34-5p",-18.32,22,43,140
"AAEL000486-RA","AAEL000486","Q17P27","aae-miR-34-5p",-18.32,22,43,140
"AAEL019720-RA","AAEL019720","Q0IG88","aae-miR-34-5p",-18.06,348,366,140
"AAEL019720-RB","AAEL019720","UPI000B771685","aae-miR-34-5p",-18.06,348,366,140
"AAEL019720-RC","AAEL019720","UPI000B775539","aae-miR-34-5p",-18.06,348,366,140
"AAEL019720-RD","AAEL019720","UPI000B780C40","aae-miR-34-5p",-18.06,348,366,140
"AAEL019720-RE","AAEL019720","UPI000B7879EC","aae-miR-34-5p",-18.06,348,366,140
"AAEL019720-RF","AAEL019720","Q0IG89","aae-miR-34-5p",-18.06,348,366,140
"AAEL019720-RH","AAEL019720","UPI000B78F6B9","aae-miR-34-5p",-18.06,348,366,140
"AAEL019720-RI","AAEL019720","UPI000B783D39","aae-miR-34-5p",-18.06,348,366,140
"AAEL023717-RA","AAEL023717","UPI000B79530C","aae-miR-34-5p",-17.95,514,535,140
"AAEL005736-RB","AAEL005736","Q178Y8","aae-miR-34-5p",-17.94,2375,2396,140
"AAEL005736-RB","AAEL005736","A0A1S4FBD9","aae-miR-34-5p",-17.94,2375,2396,140
"AAEL005736-RC","AAEL005736","A0A1S4FBG7","aae-miR-34-5p",-17.94,2375,2396,140
"AAEL005736-RD","AAEL005736","UPI000B797DD1","aae-miR-34-5p",-17.94,2375,2396,140
"AAEL006976-RB","AAEL006976","Q174A4","aae-miR-34-5p",-17.89,2849,2870,140
"AAEL007725-RA","AAEL007725","Q0IEY6","aae-miR-34-5p",-17.36,662,683,140
"AAEL012960-RA","AAEL012960","Q16KJ6","aae-miR-34-5p",-16.97,188,209,140
"AAEL011873-RA","AAEL011873","Q1DGG0","aae-miR-34-5p",-16.84,688,710,140
"AAEL011873-RA","AAEL011873","Q1HR39","aae-miR-34-5p",-16.84,688,710,140
"AAEL003090-RA","AAEL003090","Q0IG61","aae-miR-34-5p",-16.82,520,541,140
"AAEL003090-RA","AAEL003090","A0A1S4F3P9","aae-miR-34-5p",-16.82,520,541,140
"AAEL003090-RA","AAEL003090","Q16E96","aae-miR-34-5p",-16.82,520,541,140
"AAEL021697-RA","AAEL021697","UPI000B76D1D8","aae-miR-34-5p",-16.44,196,217,140
"AAEL025215-RA","AAEL025215","UPI000B7925F2","aae-miR-34-5p",-16.44,196,217,140
"AAEL025762-RA","AAEL025762","Q176E0","aae-miR-34-5p",-16.28,456,477,140
"AAEL025762-RA","AAEL025762","A0A1S4FDD3","aae-miR-34-5p",-16.28,456,477,140
"AAEL025762-RB","AAEL025762","UPI000B7937FA","aae-miR-34-5p",-16.28,456,477,140
"AAEL025762-RC","AAEL025762","UPI000B7859A8","aae-miR-34-5p",-16.28,456,477,140
"AAEL025762-RD","AAEL025762","A0A1S4FDH9","aae-miR-34-5p",-16.28,456,477,140
"AAEL025762-RD","AAEL025762","A0A0P6IVK4","aae-miR-34-5p",-16.28,456,477,140
"AAEL025762-RE","AAEL025762","UPI000B775592","aae-miR-34-5p",-16.28,456,477,140
"AAEL025762-RF","AAEL025762","UPI000B77564A","aae-miR-34-5p",-16.28,456,477,140
"AAEL025762-RH","AAEL025762","UPI000B77ED27","aae-miR-34-5p",-16.28,456,477,140
"AAEL002560-RA","AAEL002560","A0A1S4F238","aae-miR-34-5p",-16.09,241,262,140
"AAEL002560-RA","AAEL002560","Q17HV1","aae-miR-34-5p",-16.09,241,262,140
"AAEL002560-RB","AAEL002560","A0A1S4F225","aae-miR-34-5p",-16.09,241,262,140
"AAEL002560-RB","AAEL002560","Q17HV0","aae-miR-34-5p",-16.09,241,262,140
"AAEL002560-RC","AAEL002560","UPI000B78F84A","aae-miR-34-5p",-16.09,241,262,140
"AAEL019638-RA","AAEL019638","Q172E0","aae-miR-34-5p",-15.17,1015,1036,140
"AAEL019638-RA","AAEL019638","Q172E1","aae-miR-34-5p",-15.17,1015,1036,140
"AAEL019638-RA","AAEL019638","J9HST3","aae-miR-34-5p",-15.17,1015,1036,140
"AAEL019638-RB","AAEL019638","UPI000B76D6A5","aae-miR-34-5p",-15.17,1015,1036,140
"AAEL021067-RA","AAEL021067","Q16FX6","aae-miR-34-5p",-14.66,1,10,140
"AAEL021067-RA","AAEL021067","Q16JH6","aae-miR-34-5p",-14.66,1,10,140
"AAEL010068-RB","AAEL010068","Q16U00","aae-miR-34-5p",-14.32,482,503,140
"AAEL010068-RB","AAEL010068","A0A0N8ES47","aae-miR-34-5p",-14.32,482,503,140
"AAEL010068-RB","AAEL010068","A0A1S4FP64","aae-miR-34-5p",-14.32,482,503,140
"AAEL012744-RA","AAEL012744","Q16L83","aae-miR-34-5p",-14.21,1689,1710,140
"AAEL012744-RA","AAEL012744","A0A1S4FX28","aae-miR-34-5p",-14.21,1689,1710,140
"AAEL012744-RB","AAEL012744","UPI000B76E4BD","aae-miR-34-5p",-14.21,1689,1710,140
