"X.node","identifier","uniprot_id","id","protein_name","node_degree"
"AAEL000053","7159.Q0C7A8","Q0C7A8","aag:5563572","MTMR9",0
"AAEL000065","7159.Q0C745","Q0C745","aag:5563619","HINFP",0
"AAEL000093","7159.Q0C7B1","Q0C7B1","aag:5563620","RASA2",3
"AAEL000242","7159.Q17PT9","Q17PT9","aag:5572028","KCNA2",1
"AAEL000247","7159.Q17PU2","Q17PU2","aag:5572025","DYX1C1",1
"AAEL000276","7159.Q17PN7","Q17PN7","aag:5573755","VPRBP",0
"AAEL000324","7159.Q17PG3","Q17PG3","aag:5575168","RYK",1
"AAEL000364","7159.Q17PI9","Q17PI9","aag:5575143","GCSH",2
"AAEL000397","7159.Q0IGF7","Q0IGF7","aag:5576322","SUPT20H",1
"AAEL000431","7159.Q17PA7","Q17PA7","aag:5577345","Srrd",0
"AAEL000489","7159.Q17P09","Q17P09","aga:1281327","Pak3",7
"AAEL000542","7159.Q17NY9","Q17NY9","aag:5563688","MAOB",0
"AAEL000597","7159.Q17NP6","Q17NP6","aag:5564848","hmr-1",0
"AAEL000649","7159.Q17NM9","Q17NM9","aag:5565417","TMEM64",0
"AAEL000682","7159.Q17NG1","Q17NG1","aag:5565916","RSBN1",0
"AAEL000703","7159.Q17NG8","Q17NG8","aag:5565921","PYGB",3
"AAEL000723","7159.Q17NC4","Q17NC4","aag:5566273","Q17NC4",0
"AAEL000729","7159.Q17NC1","Q17NC1","aag:5566288","MSI1",0
"AAEL000741","7159.Q17NE5","Q17NE5","aag:5566265","ELF2",0
"AAEL000805","7159.Q17N40","Q17N40","aag:5566852","ABHD17B",0
"AAEL000818","7159.Q17N19","Q17N19","aag:5566873","Q17N19",0
"AAEL000860","7159.Q17N01","Q17N01","aag:5567249","uzip",0
"AAEL000868","7159.Q17MX1","Q17MX1","aag:5567198","Q17MX1",2
"AAEL000891","7159.Q17MX7","Q17MX7","aag:5567198","Q17MX7",2
"AAEL000908","7159.Q17MX6","Q17MX6","aag:5567198","DFNB31",2
"AAEL000951","7159.Q17MM5","Q17MM5","aag:5567491","EEF1B2",2
"AAEL001005","7159.Q17MI1","Q17MI1","aag:5567839","CALR",1
"AAEL001031","7159.Q17MG5","Q17MG5","aag:5579889","Q17MG5",0
"AAEL001104","7159.Q17M42","Q17M42","aag:5568593","DBNL",3
"AAEL001116","7159.Q17M41","Q17M41","aag:5568594","Q17M41",0
"AAEL001237","7159.Q17LV1","Q17LV1","aag:5569437","Q17LV1",0
"AAEL001273","7159.Q17LP8","Q17LP8","aag:5569619","SEC24B",3
"AAEL001340","7159.Q17LI9","Q17LI9","aag:5570072","CCDC39",1
"AAEL001437","7159.Q17LA6","Q17LA6","aag:5570536","Q17LA6",0
"AAEL001454","7159.Q17L67","Q17L67","aag:5570710","Eif4enif1",4
"AAEL001468","7159.Q17L66","Q17L66","aag:5570710","Eif4enif1",4
"AAEL001482","7159.Q17L13","Q17L13","aag:5570926","SCAPER",1
"AAEL001567","7159.Q17KU1","Q17KU1","aag:5571277","MEF2C",1
"AAEL001643","7159.Q17KJ5","Q17KJ5","aag:5571673","Q17KJ5",2
"AAEL001680","7159.Q17KI5","Q17KI5","aag:5571808","Q17KI5",0
"AAEL001702","7159.Q17KG8","Q17KG8","aag:5571826","Q17KG8",3
"AAEL001749","7159.Q17K93","Q17K93","aag:5572280","RHBDL3",1
"AAEL001755","7159.Q17K92","Q17K92","aga:1274741","RHBDL3",1
"AAEL001760","7159.Q17K95","Q17K95","aag:5564765","Q17K95",2
"AAEL001776","7159.Q17K68","Q17K68","aag:5572304","DLX1",0
"AAEL001780","7159.Q17K67","Q17K67","aag:5572304","DLX1",0
"AAEL001798","7159.Q17K23","Q17K23","aag:5572463","PTP4A1",0
"AAEL001818","7159.Q17K38","Q17K38","aag:5572449","Q17K38",0
"AAEL001819","7159.Q17K58","Q17K58","aag:5572431","TMEM65",0
"AAEL001832","7159.Q17K20","Q17K20","aag:5572466","Q17K20",0
"AAEL001861","7159.Q17JY3","Q17JY3","aag:5572664","NUP155",1
"AAEL001951","7159.Q6QNY2","Q6QNY2","aag:5572985","ACTB",5
"AAEL001959","7159.Q17JF6","Q17JF6","aag:5573190","Q17JF6",0
"AAEL002162","7159.Q17J25","Q17J25","aag:5580078","FAM193A",2
"AAEL002164","7159.Q17J24","Q17J24","aag:5580078","Q17J24",2
"AAEL002168","7159.Q17J26","Q17J26","aag:5580078","FAM193A",2
"AAEL002169","7159.Q17J27","Q17J27","aag:5580078","Q17J27",2
"AAEL002171","7159.Q17J33","Q17J33","aag:5580054","USP54",0
"AAEL002188","7159.Q17J05","Q17J05","aag:5573892","Q17J05",10
"AAEL002219","7159.Q17IU2","Q17IU2","aag:5573953","Q17IU2",0
"AAEL002220","7159.Q17J06","Q17J06","aag:5573892","Q17J06",10
"AAEL002287","7159.Q17IL0","Q17IL0","aag:5574208","PDSS1",1
"AAEL002308","7159.Q17IM8","Q17IM8","aag:5574190","ZFP36L2",1
"AAEL002321","7159.Q17IK5","Q17IK5","aag:5574322","ey",3
"AAEL002390","7159.Q17IC7","Q17IC7","aag:5574499","Kr-h1",0
"AAEL002411","7159.Q17IA0","Q17IA0","aag:5574592","ATP6AP2",0
"AAEL002487","7159.Q1HRW3","Q1HRW3","aag:5574799","SESN1",0
"AAEL002594","7159.Q17HS6","Q17HS6","aga:1272970","PAK3",8
"AAEL002628","7159.Q17HP2","Q17HP2","aag:110678160","ARID5B",0
"AAEL002690","7159.Q17HG6","Q17HG6","aag:5575663","Q17HG6",0
"AAEL002754","7159.Q17HA9","Q17HA9","aag:5575878","KIRREL",2
"AAEL002761","7159.Q17H75","Q17H75","aag:5575995","Tm1",4
"AAEL002813","7159.Q17H51","Q17H51","aag:5576107","ATP5J",3
"AAEL002851","7159.Q17GX9","Q17GX9","aag:5576244","betaTub56D",2
"AAEL002876","7159.Q17GV3","Q17GV3","aag:5576365","Q17GV3",0
"AAEL002891","7159.Q17GS2","Q17GS2","aag:5576484","NAA40",0
"AAEL002913","7159.Q17GS0","Q17GS0","aag:5576486","ABCD3",1
"AAEL002936","7159.Q17GP4","Q17GP4","aag:110675833","VAPA",1
"AAEL002938","7159.Q17GP3","Q17GP3","aag:110673991","VPS4A",0
"AAEL002967","7159.Q17GK3","Q17GK3","aag:5576739","ABHD17B",0
"AAEL003001","7159.Q17GJ0","Q17GJ0","aag:5580266","WDR5",5
"AAEL003013","7159.Q17GI1","Q17GI1","aag:5580276","Mkk4",1
"AAEL003014","7159.Q17GH6","Q17GH6","aag:5580311","SLC2A4RG",0
"AAEL003109","7159.Q17GF2","Q17GF2","aag:5577060","ATL2",0
"AAEL003169","7159.Q17G69","Q17G69","aag:5577413","igcm-1",2
"AAEL003191","7159.Q17G52","Q17G52","aag:5577501","SASH1",1
"AAEL003194","7159.Q17G59","Q17G59","aag:5577498","XPNPEP2",0
"AAEL003199","7159.Q17G54","Q17G54","aga:1273929","SASH1",1
"AAEL003252","7159.Q17FY6","Q17FY6","aag:5577636","PLEKHA5",0
"AAEL003267","7159.Q17FX3","Q17FX3","aag:5577649","Q17FX3",1
"AAEL003290","7159.Q17FU9","Q17FU9","aag:5577738","Q17FU9",2
"AAEL003292","7159.Q17FU6","Q17FU6","aag:5577744","SRGAP1",1
"AAEL003304","7159.Q17FU7","Q17FU7","aag:5577744","Q17FU7",1
"AAEL003355","7159.Q17FR0","Q17FR0","aag:5577909","Q17FR0",0
"AAEL003407","7159.Q17FE8","Q17FE8","aag:5578107","Q17FE8",4
"AAEL003414","7159.Q17FE9","Q17FE9","aag:5578107","Q17FE9",3
"AAEL003472","7159.Q17FC6","Q17FC6","aag:5578183","Q17FC6",0
"AAEL003506","7159.Q17F71","Q17F71","aag:5578275","EMX2",0
"AAEL003527","7159.Q0IG29","Q0IG29","aag:5578359","SMYD4",0
"AAEL003564","7159.Q17F44","Q17F44","aag:5578555","Q17F44",0
"AAEL003592","7159.Q17F08","Q17F08","aag:5565116","LRBA",1
"AAEL003609","7159.Q17F07","Q17F07","aag:5565116","LRBA",2
"AAEL003619","7159.Q17EZ8","Q17EZ8","aag:5578665","Q17EZ8",0
"AAEL003688","7159.Q17ET2","Q17ET2","aag:5578768","FAM214A",0
"AAEL003731","7159.Q17EP7","Q17EP7","aag:5578843","HIPK1",0
"AAEL003733","7159.Q17EP1","Q17EP1","aag:5578851","USP10",1
"AAEL003834","7159.Q17EB2","Q17EB2","aag:5579074","Q17EB2",0
"AAEL003861","7159.Q17EB3","Q17EB3","aag:5578717","chinmo",0
"AAEL003875","7159.Q17E80","Q17E80","dme:Dmel_CG5669","sptf-3",0
"AAEL003953","7159.Q17E44","Q17E44","aag:5579800","Q17E44",1
"AAEL003979","7159.Q17E15","Q17E15","aag:5579195","CELF3",3
"AAEL004035","7159.Q17DX6","Q17DX6","aag:5563974","IPO11",0
"AAEL004088","7159.Q17DM5","Q17DM5","aag:5564133","Q17DM5",0
"AAEL004133","7159.Q17DL2","Q17DL2","aag:5564164","igcm-1",1
"AAEL004255","7159.Q17DB6","Q17DB6","aag:5578584","PRDM1",0
"AAEL004292","7159.Q17D93","Q17D93","aag:5564514","Q17D93",0
"AAEL004351","7159.Q17D24","Q17D24","aag:5564645","CSNK1G2",0
"AAEL004457","7159.Q1HRI9","Q1HRI9","aag:5564878","CYCS",6
"AAEL004463","7159.Q17CP5","Q17CP5","aag:5564889","Q17CP5",1
"AAEL004464","7159.Q17CP3","Q17CP3","aag:5564863","Q17CP3",2
"AAEL004478","7159.Q17CP4","Q17CP4","aag:5564889","Q17CP4",1
"AAEL004525","7159.Q17CM5","Q17CM5","aag:5578805","nphp-2",2
"AAEL004549","7159.Q17CG1","Q17CG1","aag:5565053","SYN3",2
"AAEL004632","7159.Q17C94","Q17C94","aag:5565160","Q17C94",0
"AAEL004651","7159.Q17C93","Q17C93","aag:5565160","Q17C93",2
"AAEL004715","7159.Q17C29","Q17C29","aag:5565301","BTG1",3
"AAEL004717","7159.Q17C39","Q17C39","aag:5565309","CDK5R1",1
"AAEL004900","7159.Q17BN5","Q17BN5","aag:5565667","GGPS1",1
"AAEL004934","7159.Q17BK4","Q17BK4","aag:5570926","SCAPER",1
"AAEL004974","7159.Q17BE2","Q17BE2","aag:5565758","GlcAT-S",0
"AAEL005076","7159.Q17B63","Q17B63","aag:5565932","ERAP1",0
"AAEL005089","7159.Q17B44","Q17B44","aag:5565987","Q17B44",1
"AAEL005099","7159.Q17B43","Q17B43","aag:5565987","Q17B43",1
"AAEL005100","7159.Q17B23","Q17B23","aag:5566027","Q17B23",0
"AAEL005147","7159.Q17AZ6","Q17AZ6","aag:5566047","SPDEF",0
"AAEL005160","7159.Q17AX2","Q17AX2","aag:5566091","SLC26A11",0
"AAEL005281","7159.Q17AJ3","Q17AJ3","aag:5566213","TMEM201",0
"AAEL005302","7159.Q17AG5","Q17AG5","aag:5575690","Q17AG5",1
"AAEL005315","7159.Q17AC7","Q17AC7","aag:5566351","Q17AC7",0
"AAEL005448","7159.Q179Z3","Q179Z3","aag:5566523","Q179Z3",0
"AAEL005452","7159.Q17A00","Q17A00","aag:5566516","TFAP4",0
"AAEL005463","7159.Q179X5","Q179X5","aga:1280509","CALB1",1
"AAEL005581","7159.Q179N7","Q179N7","aag:5566685","Q179N7",1
"AAEL005640","7159.Q0IFE7","Q0IFE7","aag:5566774","Q0IFE7",0
"AAEL005655","7159.Q179E9","Q179E9","aag:5566808","SNX2",1
"AAEL005679","7159.Q179A9","Q179A9","aag:23687802","CHEK1",1
"AAEL005741","7159.Q178X8","Q178X8","aag:5566982","FOXL2",2
"AAEL005766","7159.Q178U8","Q178U8","aag:5567031","ALDOC",4
"AAEL005832","7159.Q178N5","Q178N5","aag:5567109","PDCD4",0
"AAEL005895","7159.Q0IFC5","Q0IFC5","aag:5567168","APLP2",3
"AAEL005937","7159.Q178E9","Q178E9","aag:5567254","ABCC4",0
"AAEL006038","7159.Q177S2","Q177S2","aag:5567375","BRWD3",1
"AAEL006057","7159.Q177R3","Q177R3","aag:5567380","MSI1",0
"AAEL006149","7159.Q177H3","Q177H3","aag:5567522","Q177H3",1
"AAEL006152","7159.Q177H4","Q177H4","aag:110680225","Q177H4",1
"AAEL006189","7159.Q177A9","Q177A9","aag:5567614","ACBD5",3
"AAEL006219","7159.Q176Y4","Q176Y4","aag:5567622","Q176Y4",0
"AAEL006234","7159.Q176W7","Q176W7","aag:5567645","Q176W7",0
"AAEL006263","7159.Q176T7","Q176T7","aag:5567692","NCKAP5",0
"AAEL006266","7159.Q176T6","Q176T6","aag:5567692","Q176T6",0
"AAEL006369","7159.Q16TD8","Q16TD8","aag:5573079","Q16TD8",0
"AAEL006399","7159.Q0IFA2","Q0IFA2","aag:5567954","TEKT2",2
"AAEL006447","7159.Q176B9","Q176B9","aag:5568000","GATAd",0
"AAEL006554","7159.Q175T9","Q175T9","aag:5568120","FAM49B",0
"AAEL006565","7159.Q175T8","Q175T8","aag:5568120","FAM49B",0
"AAEL006619","7159.Q175K5","Q175K5","aag:5568195","PPP1R14B",0
"AAEL006710","7159.Q175B9","Q175B9","aag:5568274","TIAL1",4
"AAEL006783","7159.Q174S1","Q174S1","aag:5579940","DOT1L",0
"AAEL006803","7159.Q174R9","Q174R9","aag:5579942","Q174R9",1
"AAEL006813","7159.Q174R8","Q174R8","aag:5579942","Q174R8",1
"AAEL006876","7159.Q174K3","Q174K3","aag:5568453","IGF2BP3",1
"AAEL006884","7159.Q174H3","Q174H3","aag:5568483","Q174H3",0
"AAEL006912","7159.Q174F7","Q174F7","aag:5568498","ACAT2",2
"AAEL006939","7159.Q174C4","Q174C4","aag:5578126","SAMD4B",0
"AAEL007019","7159.Q173U8","Q173U8","aag:5568659","SLC20A2",0
"AAEL007177","7159.Q173D8","Q173D8","aag:5568875","WDYHV1",0
"AAEL007197","7159.Q173C1","Q173C1","aag:5568890","Q173C1",0
"AAEL007217","7159.Q173B0","Q173B0","aag:5568906","Q173B0",0
"AAEL007331","7159.Q172L3","Q172L3","aag:5569057","ATRN",0
"AAEL007353","7159.Q172K9","Q172K9","aag:5569092","CUL5",1
"AAEL007359","7159.Q172J7","Q172J7","aag:5577087","GUCY2D",1
"AAEL007374","7159.Q172J0","Q172J0","aag:5569110","Y-f",0
"AAEL007388","7159.Q172G9","Q172G9","aag:5569126","Q172G9",1
"AAEL007415","7159.Q0IF14","Q0IF14","aag:23687412","Lac2",0
"AAEL007441","7159.Q1HRN7","Q1HRN7","aag:5569181","SSR3",1
"AAEL007452","7159.Q172D9","Q172D9","aag:5569178","MIF4GD",0
"AAEL007465","7159.Q172A6","Q172A6","aag:5576274","SMTN",0
"AAEL007483","7159.Q171Z5","Q171Z5","aag:5569220","Q171Z5",0
"AAEL007508","7159.Q171W2","Q171W2","aag:5569262","Q171W2",0
"AAEL007569","7159.Q171N7","Q171N7","aag:5569392","CACHD1",0
"AAEL007791","7159.Q170V1","Q170V1","aag:5575787","Q170V1",0
"AAEL007876","7159.Q170K8","Q170K8","aag:5569737","PTK7",21
"AAEL007888","7159.Q170K4","Q170K4","aag:5569740","EPB41L2",0
"AAEL007959","7159.Q170D7","Q170D7","aag:5569850","SLC39A9",0
"AAEL007970","7159.Q170B3","Q170B3","aag:5569877","Q170B3",0
"AAEL007980","7159.Q170B1","Q170B1","aag:110677089","Q170B1",0
"AAEL007995","7159.Q0IEV0","Q0IEV0","aag:5566210","TRERF1",0
"AAEL008031","7159.Q16ZY1","Q16ZY1","aag:5569928","Q16ZY1",0
"AAEL008149","7159.Q16ZN0","Q16ZN0","aag:5570178","COA4",0
"AAEL008248","7159.Q16ZB6","Q16ZB6","aag:5570313","EIF2A",0
"AAEL008354","7159.Q0IEP7","Q0IEP7","aag:5570466","Rdl",0
"AAEL008362","7159.Q16YZ8","Q16YZ8","aag:5570551","SULF1",1
"AAEL008371","7159.Q16Z01","Q16Z01","aag:5570549","NF1",5
"AAEL008372","7159.Q16YZ9","Q16YZ9","aag:5570551","SULF1",1
"AAEL008414","7159.Q16YV1","Q16YV1","aag:5570610","Q16YV1",2
"AAEL008465","7159.Q16YQ3","Q16YQ3","aag:5570651","TUBGCP3",0
"AAEL008470","7159.Q16YP6","Q16YP6","aag:5576631","Q16YP6",0
"AAEL008494","7159.Q16YM1","Q16YM1","aag:110673989","SLC25A29",0
"AAEL008507","7159.Q16YK1","Q16YK1","aag:5570733","SRPK2",2
"AAEL008517","7159.Q16YK5","Q16YK5","aag:5570735","TUFM",6
"AAEL008528","7159.Q16YG8","Q16YG8","aag:5570773","PTPN11",4
"AAEL008552","7159.Q16YG5","Q16YG5","aga:133391160","PTPN11",3
"AAEL008554","7159.Q16YG3","Q16YG3","aga:133391160","PTPN11",3
"AAEL008622","7159.Q16Y82","Q16Y82","aag:5570856","Q16Y82",4
"AAEL008722","7159.Q16XY9","Q16XY9","aag:5570991","Q16XY9",0
"AAEL008773","7159.Q16XT3","Q16XT3","aag:5571044","epi-1",0
"AAEL008774","7159.Q16XT5","Q16XT5","aga:5667313","Q16XT5",0
"AAEL008816","7159.Q16XQ1","Q16XQ1","aag:5571073","SLC18A1",2
"AAEL008944","7159.Q16X87","Q16X87","aag:5571311","CCP110",0
"AAEL008948","7159.Q16XA3","Q16XA3","aag:5571321","Q16XA3",0
"AAEL009085","7159.Q16WV5","Q16WV5","aag:5571449","ARHGAP1",8
"AAEL009092","7159.Q16WU6","Q16WU6","aag:5571461","CERS5",0
"AAEL009175","7159.Q16WM1","Q16WM1","aag:5571592","SLIT2",0
"AAEL009240","7159.Q16WF1","Q16WF1","aag:5571711","Nrt",0
"AAEL009304","7159.Q16WA7","Q16WA7","aag:5576630","STX1A",1
"AAEL009377","7159.Q16W03","Q16W03","aag:5571900","RAP1A",3
"AAEL009400","7159.Q16VZ3","Q16VZ3","aag:5571904","CNOT8",5
"AAEL009448","7159.Q16IF7","Q16IF7","aag:5571951","Q16IF7",2
"AAEL009451","7159.Q16VS2","Q16VS2","aag:5571971","ACTB",7
"AAEL009467","7159.Q16VR4","Q16VR4","aag:5571976","COTL1",0
"AAEL009484","7159.Q16VP6","Q16VP6","aag:5571996","Q16VP6",0
"AAEL009515","7159.Q16VM1","Q16VM1","aag:5572102","Q16VM1",0
"AAEL009587","7159.Q16VF3","Q16VF3","aag:5564863","Q16VF3",0
"AAEL009630","7159.Q16VA1","Q16VA1","aag:5572215","PDE9A",2
"AAEL009778","7159.Q16UW3","Q16UW3","aag:5572388","Q16UW3",0
"AAEL009786","7159.Q16UU9","Q16UU9","aag:5572402","Q16UU9",0
"AAEL009838","7159.Q16UP5","Q16UP5","aag:5572509","AGL",1
"AAEL009869","7159.Q16UK9","Q16UK9","aag:5572546","Q16UK9",1
"AAEL009871","7159.Q16UK1","Q16UK1","aag:5572545","MCM3AP",0
"AAEL009915","7159.Q16UG5","Q16UG5","aag:5572577","CROCC",3
"AAEL009938","7159.Q16UD8","Q16UD8","aag:5572619","GLYATL3",1
"AAEL009947","7159.Q16UC4","Q16UC4","aag:5572676","HOXB7",1
"AAEL009987","7159.Q16U90","Q16U90","aag:110679470","Q16U90",0
"AAEL009988","7159.Q16U87","Q16U87","aag:5572713","IL16",1
"AAEL010022","7159.Q16U41","Q16U41","aag:110675914","Q16U41",0
"AAEL010041","7159.Q16U30","Q16U30","aag:5572773","Q16U30",0
"AAEL010061","7159.Q16U10","Q16U10","aag:5572837","FHDC1",3
"AAEL010093","7159.Q16TX6","Q16TX6","aag:5577472","Q16TX6",0
"AAEL010106","7159.Q16TV9","Q16TV9","aag:5572892","DAT",0
"AAEL010126","7159.Q16TT9","Q16TT9","aag:5572908","Q16TT9",1
"AAEL010144","7159.Q16TR7","Q16TR7","aag:5572932","ADAMTSL1",0
"AAEL010198","7159.Q16TM2","Q16TM2","aag:5572713","IL16",1
"AAEL010308","7159.Q0IEI4","Q0IEI4","aag:5573208","Q0IEI4",0
"AAEL010373","7159.Q16T51","Q16T51","aag:5573291","CTDNEP1",2
"AAEL010391","7159.Q16T61","Q16T61","aag:5573282","Q16T61",0
"AAEL010555","7159.Q16SL7","Q16SL7","aag:5573523","SREBF2",2
"AAEL010584","7159.Q16SI7","Q16SI7","aag:5573534","LMAN2",2
"AAEL010642","7159.Q16SB6","Q16SB6","aag:5573648","RBM42",0
"AAEL010643","7159.Q16SB0","Q16SB0","aag:5575304","PAK3",6
"AAEL010652","7159.Q16S94","Q16S94","aag:5573673","Q16S94",0
"AAEL010659","7159.Q16JG7","Q16JG7","aag:5577708","CRYAB",0
"AAEL010668","7159.Q16S95","Q16S95","aag:5573673","VAT1L",0
"AAEL010716","7159.Q16S36","Q16S36","aag:5573790","Sec61alpha",9
"AAEL010783","7159.Q16RY8","Q16RY8","aag:5573862","ATP1B1",0
"AAEL010821","7159.Q1HR99","Q1HR99","aag:5573974","RPLP0",14
"AAEL010835","7159.Q16RU6","Q16RU6","aag:5573997","MAP3K13",0
"AAEL010883","7159.Q16RP7","Q16RP7","aag:5574043","Q16RP7",0
"AAEL010892","7159.Q16RN4","Q16RN4","aag:5574056","NCAPH2",0
"AAEL010908","7159.Q16RM1","Q16RM1","aag:5574070","HECA",0
"AAEL010941","7159.Q16RK1","Q16RK1","aag:5580108","TTYH2",0
"AAEL011006","7159.Q16RC6","Q16RC6","aag:5574237","GUK1",1
"AAEL011037","7159.Q16R88","Q16R88","aag:5577796","Q16R88",0
"AAEL011058","7159.Q16R65","Q16R65","aag:5574293","LDB2",0
"AAEL011105","7159.Q16R23","Q16R23","aag:110681105","add-1",2
"AAEL011185","7159.Q16QS7","Q16QS7","aag:23687616","Q16QS7",0
"AAEL011261","7159.Q16QJ6","Q16QJ6","aag:5574628","UBN1",0
"AAEL011281","7159.Q16QH9","Q16QH9","aag:5574644","CYBRD1",0
"AAEL011485","7159.Q16PX0","Q16PX0","aag:5574895","ZMIZ1",1
"AAEL011495","7159.Q16PW9","Q16PW9","aag:5574895","ZMIZ1",1
"AAEL011536","7159.Q16PT5","Q16PT5","aag:5574930","PGM3",1
"AAEL011565","7159.Q16PP6","Q16PP6","aag:5575020","Q16PP6",0
"AAEL011648","7159.Q16PG7","Q16PG7","aag:5575093","CCND3",1
"AAEL011709","7159.Q16PA7","Q16PA7","aag:5575244","DGKE",1
"AAEL011767","7159.Q16P43","Q16P43","aag:5574043","Q16P43",0
"AAEL011773","7159.Q16P38","Q16P38","aag:5567839","CALR",1
"AAEL011800","7159.Q16P14","Q16P14","aag:5575394","Q16P14",0
"AAEL011870","7159.Q16NS4","Q16NS4","aag:5575495","LSM14A",3
"AAEL011890","7159.Q16NR7","Q16NR7","aag:5575504","Q16NR7",4
"AAEL011910","7159.Q16NP6","Q16NP6","aag:5575534","Q16NP6",0
"AAEL012002","7159.Q16ND4","Q16ND4","aag:5575690","Q16ND4",0
"AAEL012019","7159.Q16NC7","Q16NC7","aag:5575704","MKLN1",0
"AAEL012031","7159.Q16NB0","Q16NB0","aag:5575720","CEP152",0
"AAEL012046","7159.Q16N99","Q16N99","aag:5566722","FLOT1",0
"AAEL012057","7159.Q16N85","Q16N85","aag:5575748","EPC1",3
"AAEL012065","7159.Q16N83","Q16N83","aag:5575787","CPEB2",0
"AAEL012155","7159.Q16MX5","Q16MX5","aag:5576026","GPR107",0
"AAEL012169","7159.Q1HQG4","Q1HQG4","aag:5575920","TMEM18",0
"AAEL012237","7159.Q1HQT7","Q1HQT7","aag:5576008","MAX",1
"AAEL012256","7159.Q16ML9","Q16ML9","aag:5576026","GPR107",1
"AAEL012257","7159.Q16MM0","Q16MM0","aag:5576026","GPR107",1
"AAEL012259","7159.Q16MM1","Q16MM1","aag:5578151","SUPT5H",5
"AAEL012272","7159.Q16MK6","Q16MK6","aag:5576045","FKBP8",0
"AAEL012273","7159.Q16MK4","Q16MK4","aag:5576044","ARMC6",0
"AAEL012288","7159.Q16MJ6","Q16MJ6","aag:5576056","Q16MJ6",1
"AAEL012307","7159.Q16MG8","Q16MG8","aag:5576076","TCF25",0
"AAEL012392","7159.Q16M84","Q16M84","aag:5576195","ZKSCAN7",0
"AAEL012416","7159.Q16M54","Q16M54","aag:5576263","Q16M54",2
"AAEL012420","7159.Q16M53","Q16M53","aag:5576263","PUM2",3
"AAEL012429","7159.Q16M45","Q16M45","aga:3289780","SMTN",0
"AAEL012493","7159.Q16LX7","Q16LX7","aag:5569057","ATRN",0
"AAEL012517","7159.Q16LU2","Q16LU2","aag:5577077","NRG2",0
"AAEL012541","7159.Q16LS6","Q16LS6","aag:5565053","SYN3",1
"AAEL012561","7159.Q16LQ3","Q16LQ3","aag:5579310","PROM1",0
"AAEL012626","7159.Q16LK2","Q16LK2","aag:5576140","Q16LK2",0
"AAEL012627","7159.Q16LK0","Q16LK0","aag:5576566","ANKFN1",0
"AAEL012640","7159.Q16LI4","Q16LI4","aag:5565029","Q16LI4",0
"AAEL012655","7159.Q16LG8","Q16LG8","aag:5576631","Q16LG8",0
"AAEL012707","7159.Q16LB3","Q16LB3","aag:5578851","USP10",1
"AAEL012723","7159.Q16L96","Q16L96","aag:5576696","MAP2K1",6
"AAEL012837","7159.Q16KY3","Q16KY3","aag:5576854","Q16KY3",0
"AAEL012850","7159.Q16KW9","Q16KW9","aag:5579261","Q16KW9",0
"AAEL012905","7159.Q16KQ8","Q16KQ8","aag:5576948","Q16KQ8",2
"AAEL012908","7159.Q16KR0","Q16KR0","aag:5576948","fbn-1",2
"AAEL012909","7159.Q16KR1","Q16KR1","aag:5576948","Q16KR1",2
"AAEL012910","7159.Q16KQ9","Q16KQ9","aag:5576948","dp",2
"AAEL012974","7159.Q0IE94","Q0IE94","aag:5575143","GCSH",2
"AAEL012977","7159.Q0IE99","Q0IE99","aag:5577077","Q0IE99",0
"AAEL012979","7159.Q0IE98","Q0IE98","aag:5577077","Q0IE98",0
"AAEL012988","7159.Q16KH2","Q16KH2","aag:5577087","GUCY2D",0
"AAEL013066","7159.Q16KA6","Q16KA6","aag:23687802","CHEK1",2
"AAEL013216","7159.Q16JU1","Q16JU1","aag:5577472","Q16JU1",0
"AAEL013252","7159.Q16JQ4","Q16JQ4","aag:5577537","RAB14",0
"AAEL013268","7159.Q16JN7","Q16JN7","aag:5577554","Q16JN7",0
"AAEL013380","7159.Q16JC3","Q16JC3","aag:5577796","Q16JC3",0
"AAEL013510","7159.Q16IY0","Q16IY0","aag:5578126","SAMD4B",1
"AAEL013529","7159.Q16IW8","Q16IW8","aag:5565053","SYN3",1
"AAEL013532","7159.Q16IV3","Q16IV3","aag:5578154","Q16IV3",0
"AAEL013602","7159.Q16IN4","Q16IN4","aag:5578284","EGFLAM",3
"AAEL013654","7159.Q16II5","Q16II5","aag:5578376","Q16II5",1
"AAEL013684","7159.Q16IG3","Q16IG3","aag:5578392","Q16IG3",0
"AAEL013758","7159.Q16I88","Q16I88","aag:5578571","Q16I88",0
"AAEL013770","7159.Q16I75","Q16I75","aag:5578584","PRDM1",0
"AAEL013830","7159.Q16I15","Q16I15","aag:5578717","chinmo",0
"AAEL013846","7159.Q16HZ9","Q16HZ9","aag:5578805","nphp-2",0
"AAEL013965","7159.Q16HN5","Q16HN5","aag:5579026","RNF115",0
"AAEL013986","7159.Q16HL0","Q16HL0","aag:110677232","Q16HL0",0
"AAEL013997","7159.Q16HK0","Q16HK0","aag:5579061","GNB4",8
"AAEL014033","7159.Q16HG5","Q16HG5","aag:5579195","CELF3",3
"AAEL014109","7159.Q16H88","Q16H88","aag:5563757","Q16H88",0
"AAEL014132","7159.Q16H74","Q16H74","aag:5579630","Q16H74",0
"AAEL014157","7159.Q16H46","Q16H46","aag:5570178","COA4",0
"AAEL014207","7159.Q16GZ8","Q16GZ8","aag:5576056","Q16GZ8",1
"AAEL014258","7159.Q16GV0","Q16GV0","aag:5563757","Q16GV0",0
"AAEL014337","7159.Q16GL8","Q16GL8","aag:5564186","Tl",0
"AAEL014347","7159.Q16GK5","Q16GK5","aag:5564197","MEGF8",0
"AAEL014485","7159.Q16G89","Q16G89","aag:5577573","Q16G89",1
"AAEL014521","7159.Q16G51","Q16G51","aag:5578805","nphp-2",1
"AAEL014557","7159.Q16G14","Q16G14","aag:5564673","cad",0
"AAEL014730","7159.Q16FK4","Q16FK4","aag:5565116","LRBA",1
"AAEL014901","7159.Q16F46","Q16F46","aag:5565618","ARHGAP18",2
"AAEL014927","7159.Q16F21","Q16F21","aag:5574043","Q16F21",0
"AAEL014933","7159.Q16F16","Q16F16","aag:5576045","FKBP8",0
"AAEL015071","7159.Q16EP6","Q16EP6","aag:5574457","Q16EP6",0
"AAEL015101","7159.Q16EM3","Q16EM3","aag:5566210","Q16EM3",0
"AAEL015231","7159.Q16EF2","Q16EF2","aag:5578805","nphp-2",1
"AAEL015235","7159.Q16EE7","Q16EE7","aag:5566722","FLOT1",0
"AAEL015593","7159.Q1DGK7","Q1DGK7","aag:5579310","PROM1",0
"AAEL015650","7159.Q1DGF8","Q1DGF8","aag:5579261","Q1DGF8",0
"AAEL801114","7159.J9HTV7","J9HTV7","aag:23687839","CNBP",0
"ARK","7159.Q17MT6","Q17MT6","aag:5567237","ARK",2
"CTL12","7159.Q16Y37","Q16Y37","aag:5570943","CTL12",0
"DNR1","7159.Q17NT7","Q17NT7","aag:5564297","DNR1",1
"GPRALS3","7159.Q16KP5","Q16KP5","aag:5577003","GPRALS3",0
"GPRDIH1","7159.Q16Z71","Q16Z71","aag:5570395","GPRDIH1",1
"GPRFZ2","7159.Q174W8","Q174W8","aag:5568380","GPRFZ2",1
"GPRGHP3","7159.Q16L21","Q16L21","aag:5576812","GPRGHP3",0
"GPROR52","7159.Q16IY4","Q16IY4","aag:5578075","Q16IY4",0
"GPROR76","7159.Q16J72","Q16J72","aag:5577942","GPROR76",2
"GPRgr11","7159.Q16QU1","Q16QU1","aag:5574457","GPRgr11",0
"HR4","7159.Q178K1","Q178K1","aag:5579849","HR4",0
"J9E9F1_AEDAE","7159.J9E9F1","J9E9F1","aag:23687576","POLR3B",12
"J9EAF0_AEDAE","7159.J9EAF0","J9EAF0","aag:23687616","J9EAF0",0
"J9EAN8_AEDAE","7159.J9EAN8","J9EAN8","aag:5572931","nrv2",0
"J9EBD1_AEDAE","7159.J9EBD1","J9EBD1","aag:23687802","CHEK1",1
"J9HFE1_AEDAE","7159.J9HFE1","J9HFE1","aag:5570735","TUFM",6
"J9HIM6_AEDAE","7159.J9HIM6","J9HIM6","aag:23687882","HIAT1",0
"J9HYQ9_AEDAE","7159.J9HYQ9","J9HYQ9","aag:23687721","EEF1A1",4
"PIWI7","7159.Q176R2","Q176R2","aag:5567714","PIWI7",0
"Q1HR69_AEDAE","7159.Q1HR69","Q1HR69","aag:23687769","HSPA5",10
"SRPN25","7159.Q1HRV7","Q1HRV7","aag:5569171","SRPN25",0
"TOLL1A","7159.Q171J8","Q171J8","aag:5564186","TOLL1A",0
"TOLL5A","7159.Q171K9","Q171K9","aag:5569408","TOLL5A",0
"TOLL8","7159.Q17NJ1","Q17NJ1","aag:5565427","TOLL8",0
