"mirna_name","mat_seq"
"aae-miR-210-5p","UUGUGCGUGUGACAACGG"
"aae-miR-276-3p","UAGGAACUUCAUACCGUGCUC"
"aae-miR-276-5p","AGCGAGGUAUAGAGUUCCUAC"
"aae-miR-2945-3p","UGACUAGAGGCAGACUCGUUUA"
"aae-miR-305-5p","AUUGUACUUCAUCAGGUGCUCUGG"
"aae-miR-34-5p","UGGCAGUGUGGUUAGCUGGUUG"
"aae-miR-1000-5p","AUAUUGUCCUGUCACAGCAGU"
"aae-miR-308-3p","AAUCACAGGAGUAUACUG"
"aae-miR-999-3p","GUUAACUGUAAGACUGUGUCUCG"
"aae-bantam-3p","UGAGAUCAUUUUGAAAGCUGAU"
"aae-let-7","UGAGGUAGUUGGUUGUAUAGU"
"aae-miR-10-5p","ACCCUGUAGAUCCGAAUUUGUU"
"aae-miR-1175-3p","UGAGAUUCUACUUCUCCGACUUAA"
"aae-miR-11900","AUUUUUUUGACUGUAAUUUUAUAG"
"aae-miR-124-3p","UAAGGCACGCGGUGAAUGC"
"aae-miR-3368-5p","UCAGUCUUUUAGAGAAGAAG"
"aae-miR-3722-5p","CGAUUCGAGGUGGCGGUUUC"
"aae-miR-4275-5p","CCAAUUACCACUUCUUUUU"
"aae-miR-5108-5p","GGUAGAGCACUGGAUGGUU"
"aae-miR-5119-5p","CAUCUCAUCCUGGGGCUG"
"aae-miR-932-5p","UCAAUUCCGUAGUGCAUUGCAG"
